und_codigo,und_descricao,und_sigla,und_municipio,und_coord,und_status
4,ESCOLA ESTADUAL ITACYARA NOGUEIRA PINHO,,MANAUS,COORD. DISTRITAL 04,Ativa,                                                                                                  
5,ESCOLA ESTADUAL MARIA DA LUZ CALDERARO,,MANAUS,COORD. DISTRITAL 03,Ativa,                                                                                                                    
6,ESCOLA ESTADUAL MARIA RODRIGUES TAPAJOS,,MANAUS,COORD. DISTRITAL 03,Ativa,                                                                                                                                
7,ESCOLA ESTADUAL OLGA FALCONE,,MANAUS,COORD. DISTRITAL 03,Ativa,                                                                                                           
8,ESCOLA ESTADUAL RAIMUNDO GOMES NOGUEIRA,,MANAUS,COORD. DISTRITAL 03,Ativa,                                                                                            
9,ESCOLA ESTADUAL ROSINA FERREIRA DA SILVA,,MANAUS,COORD. DISTRITAL 03,Ativa,                                                                                                                
10,ESCOLA EST TEREZA DE JESUS AZEVEDO DE VASCONCELOS DIAS,,MANAUS,COORD. DISTRITAL 03,Ativa,                                                                                           
11,ESCOLA ESTADUAL THOME DE MEDEIROS RAPOSO,,MANAUS,COORD. DISTRITAL 03,Ativa,                                                                                                                   
12,ESCOLA ESTADUAL FRANCISCA BOTINELLY CUNHA E SILVA,,MANAUS,COORD. DISTRITAL 03,Ativa,                                                                                          
13,ESCOLA ESTADUAL GONCALVES DIAS,,MANAUS,COORD. DISTRITAL 03,Ativa,                                                                                     
14,ESCOLA ESTADUAL HUMBERTO DE CAMPOS,,MANAUS,COORD. DISTRITAL 03,Ativa,                                                                                                             
16,ESCOLA ESTADUAL MARIA AMELIA DO ESPIRITO SANTO,,MANAUS,COORD. DISTRITAL 03,Ativa,                                                                                            
17,ESCOLA ESTADUAL PROFª ALDA BARATA,,MANAUS,COORD. DISTRITAL 03,Ativa,                                                                                                 
20,ESCOLA ESTADUAL SENADOR PETRONIO PORTELLA,,MANAUS,COORD. DISTRITAL 03,Ativa,                                                                                                      
21,ESCOLA ESTADUAL ALFREDO FERNANDES,,MANAUS,COORD. DISTRITAL 04,Ativa,                                                                                                                            
22,ESCOLA ESTADUAL ANTONIO DA ENCARNACAO FILHO,,MANAUS,COORD. DISTRITAL 04,Ativa,                                                                                    
23,ESCOLA ESTADUAL FRANCELINA DANTAS,,MANAUS,COORD. DISTRITAL 03,Ativa,       
24,ESCOLA ESTADUAL PROF JOSE RIBAMAR DA COSTA,,MANAUS,COORD. DISTRITAL 04,Ativa,                                                                                    
25,ESCOLA ESTADUAL SENADOR MANUEL SEVERIANO NUNES,,MANAUS,COORD. DISTRITAL 03,Ativa,                                                                                                      
26,ESCOLA ESTADUAL MARIA DE LOURDES RODRIGUES ARRUDA,,MANAUS,COORD. DISTRITAL 03,Ativa,                                                                               
27,ESCOLA ESTADUAL PROFº WALDIR GARCIA,,MANAUS,COORD. DISTRITAL 03,Ativa,                                                                                                              
28,ESCOLA ESTADUAL ANTONIO TELES DE SOUZA,,MANAUS,COORD. DISTRITAL 01,Ativa,                                                                                            
29,ESCOLA ESTADUAL CONEGO AZEVEDO,,MANAUS,COORD. DISTRITAL 01,Ativa,                                                                                                                          
30,ESCOLA ESTADUAL HERMENEGILDO DE CAMPOS,,MANAUS,COORD. DISTRITAL 01,Ativa,                                                                                  
31,ESCOLA ESTADUAL NOSSA SENHORA APARECIDA,,MANAUS,COORD. DISTRITAL 01,Ativa,                                                                                      
32,ESCOLA ESTADUAL VICENTE SCHETTINI,,MANAUS,COORD. DISTRITAL 01,Ativa,                                                                                                       
33,ESCOLA ESTADUAL ADALBERTO VALE,,MANAUS,COORD. DISTRITAL 02,Ativa,                                                                                                         
34,ESCOLA ESTADUAL ANTONIO DE LUCENA BITTENCOURT,,MANAUS,COORD. DISTRITAL 02,Ativa,                                                                                                      
35,ESCOLA ESTADUAL BOM PASTOR,,MANAUS,COORD. DISTRITAL 02,Ativa,                                                                                                                                  
36,ESCOLA ESTADUAL BRIG. JOAO CAMARAO TELLES RIBEIRO,,MANAUS,COORD. DISTRITAL 02,Ativa,                                                                                              
37,ESCOLA ESTADUAL DORVAL PORTO,,MANAUS,COORD. DISTRITAL 02,Ativa,                                                                                                              
38,ESCOLA ESTADUAL NOSSA SENHORA DA DIVINA PROVIDENCIA,,MANAUS,COORD. DISTRITAL 02,Ativa,                                                                                          
39,ESCOLA ESTADUAL PAULA ANGELA FRASSINETTI,,MANAUS,COORD. DISTRITAL 02,Ativa,                                                                                               
40,ESCOLA ESTADUAL PROF NELSON ALVES FERREIRA,,MANAUS,COORD. DISTRITAL 02,Ativa,                                                                                                             
41,ESCOLA ESTADUAL SENADOR ANTOVILA MOURAO VIEIRA,,MANAUS,COORD. DISTRITAL 02,Ativa,                                                                        
42,ESCOLA ESTADUAL BALBINA MESTRINHO,,MANAUS,COORD. DISTRITAL 01,Ativa,                                                                                                                  
43,ESCOLA ESTADUAL CARVALHO LEAL,,MANAUS,COORD. DISTRITAL 01,Ativa,                  
44,ESCOLA ESTADUAL EUCLYDES DA CUNHA,,MANAUS,COORD. DISTRITAL 01,Ativa,                                                                                                                              
45,ESCOLA ESTADUAL MAJOR SILVA COUTINHO,,MANAUS,COORD. DISTRITAL 02,Ativa,                                                                                             
46,ESCOLA ESTADUAL MILBURGES ARAUJO,,MANAUS,COORD. DISTRITAL 02,Ativa,                                                                                                                   
47,ESCOLA ESTADUAL RUY ARAUJO,,MANAUS,COORD. DISTRITAL 01,Ativa,       
48,ESCOLA ESTADUAL SENADOR CUNHA MELO,,MANAUS,COORD. DISTRITAL 02,Ativa,                                                                                                                             
49,ESCOLA ESTADUAL PRINCESA ISABEL,,MANAUS,COORD. DISTRITAL 01,Ativa,       
50,ESCOLA ESTADUAL PROFª EUNICE SERRANO TELLES DE SOUZA,,MANAUS,COORD. DISTRITAL 01,Ativa,                                                                                       
51,ESCOLA ESTADUAL RIBEIRO DA CUNHA,,MANAUS,COORD. DISTRITAL 01,Ativa,                                                                                                                               
52,INSTITUTO DE EDUCACAO DO AMAZONAS,,MANAUS,COORD. DISTRITAL 01,Ativa,                                                                                                                         
54,COLEGIO AMAZONENSE DOM PEDRO II,,MANAUS,COORD. DISTRITAL 01,Ativa,                                                                                                                                  
55,COLEGIO BRASILEIRO PEDRO SILVESTRE,,MANAUS,COORD. DISTRITAL 01,Ativa,                                                                                                                       
56,ESCOLA ESTADUAL BARAO DO RIO BRANCO,,MANAUS,COORD. DISTRITAL 01,Ativa,                                                                                                          
57,ESCOLA ESTADUAL GIOVANNI FIGLIUOLO,,MANAUS,COORD. DISTRITAL 01,Ativa,                                                        
62,ESCOLA ESTADUAL MANOEL MARCAL DE ARAUJO,,MANAUS,COORD. DISTRITAL 01,Ativa,                                                                                             
63,ESCOLA ESTADUAL PROFESSOR ANTENOR SARMENTO,,MANAUS,COORD. DISTRITAL 01,Ativa,                                                                                                   
64,ESCOLA ESTADUAL AUGUSTO CARNEIRO DOS SANTOS,,MANAUS,COORD. DISTRITAL 01,Ativa,                                                                                           
66,ESCOLA ESTADUAL DIOFANTO VIEIRA MONTEIRO,,MANAUS,COORD. DISTRITAL 01,Ativa,                                                                                                               
67,ESCOLA ESTADUAL FREI SILVIO VAGHEGGI,,MANAUS,COORD. DISTRITAL 01,Ativa,                                                                                                                      
69,ESCOLA ESTADUAL D. MILTON CORREA PEREIRA,,MANAUS,COORD. DISTRITAL 06,Ativa,                                                                                                     
70,ESCOLA ESTADUAL ENGº ARTHUR AMORIM,,MANAUS,COORD. DISTRITAL 06,Ativa,                                                                                                                         
71,ESCOLA ESTADUAL PROFª LENINA FERRARO DA SILVA,,MANAUS,COORD. DISTRITAL 06,Ativa,                                                                                                         
72,ESCOLA ESTADUAL OSMAR PEDROSA,,MANAUS,COORD. DISTRITAL 06,Ativa,                                                                                                           
73,ESCOLA ESTADUAL PROFESSORA HILDA DE AZEVEDO TRIBUZY,,MANAUS,COORD. DISTRITAL 06,Ativa,                                                                                               
74,ESCOLA ESTADUAL SEBASTIAO NOROES,,MANAUS,COORD. DISTRITAL 07,Ativa,                                                                                              
75,ESCOLA ESTADUAL SENADOR JOAO BOSCO RAMOS DE LIMA,,MANAUS,COORD. DISTRITAL 06,Ativa,                                                                                                           
76,CENTRO EDUCACIONAL ARTHUR VIRGILIO FILHO,,MANAUS,COORD. DISTRITAL 07,Ativa,                                                                                                    
77,ESCOLA ESTADUAL DESEMBARGADOR ANDRE VIDAL DE ARAUJO,,MANAUS,COORD. DISTRITAL 06,Ativa,                                                                                                                 
78,ESCOLA ESTADUAL DOM JOAO DE SOUZA LIMA,,MANAUS,COORD. DISTRITAL 06,Ativa,                                                                                                                   
79,ESCOLA ESTADUAL DR JOSE MILTON BANDEIRA,,MANAUS,COORD. DISTRITAL 06,Ativa,                                                                                                          
80,ESCOLA ESTADUAL FRANCISCA DE PAULA DE JESUS IZABEL,,MANAUS,COORD. DISTRITAL 06,Ativa,                                                                                                      
81,ESCOLA ESTADUAL HOMERO DE MIRANDA LEAO,,MANAUS,COORD. DISTRITAL 06,Ativa,                                                                                                  
82,ESCOLA ESTADUAL INSPETORA DULCINEIA VARELA MOURA,,MANAUS,COORD. DISTRITAL 07,Ativa,                                                                                                   
83,ESCOLA ESTADUAL MARIA DO CEU VAZ D OLIVEIRA,,MANAUS,COORD. DISTRITAL 06,Ativa,                                                                                    
84,ESCOLA ESTADUAL PROF JOSE BERNARDINO LINDOSO,,MANAUS,COORD. DISTRITAL 06,Ativa,                                                                                        
86,ESCOLA ESTADUAL AGNELLO BITTENCOURT,,MANAUS,COORD. DISTRITAL 04,Ativa,                                                                                                                  
87,ESCOLA ESTADUAL AMELIA BITTENCOURT CARDINALE,,MANAUS,COORD. DISTRITAL 04,Ativa,                                                                                                           
88,ESCOLA ESTADUAL BENJAMIN MAGALHAES BRANDAO,,MANAUS,COORD. DISTRITAL 04,Ativa,                                                                               
89,ESCOLA ESTADUAL DUQUE DE CAXIAS,,MANAUS,COORD. DISTRITAL 04,Ativa,           
91,ESCOLA ESTADUAL SENADOR FLAVIO DA COSTA BRITO,,MANAUS,COORD. DISTRITAL 04,Ativa,                                                                                             
92,ESCOLA ESTADUAL JULIA BITTENCOURT,,MANAUS,COORD. DISTRITAL 04,Ativa,                                                                                                                   
93,ESCOLA ESTADUAL PE PEDRO GISLANDY,,MANAUS,COORD. DISTRITAL 04,Ativa,                                                                                                                           
94,ESCOLA ESTADUAL WALDEMIRO PERES LUSTOZA,,MANAUS,COORD. DISTRITAL 04,Ativa,                                                                                                 
95,ESCOLA ESTADUAL PROF ARISTOTELES COMTE DE ALENCAR,,MANAUS,COORD. DISTRITAL 05,Ativa,                                                               
96,ESCOLA ESTADUAL CACILDA BRAULE PINTO,,MANAUS,COORD. DISTRITAL 05,Ativa,                                                                                                                   
97,ESCOLA ESTADUAL DEP JOSUE CLAUDIO DE SOUZA,,MANAUS,COORD. DISTRITAL 05,Ativa,                                                                                                                       
98,ESCOLA ESTADUAL JOSE BENTES MONTEIRO,,MANAUS,COORD. DISTRITAL 03,Ativa,                                                                                                                   
99,ESCOLA ESTADUAL PROFA MARIA ARMINDA GUIMARAES DE ANDRADE,,MANAUS,COORD. DISTRITAL 05,Ativa,                                                                                                        
100,ESCOLA ESTADUAL PROFA MYRTHES MARQUES TRIGUEIRO,,MANAUS,COORD. DISTRITAL 05,Ativa,                                                                                            
101,ESCOLA ESTADUAL PROF REINALDO THOMPSON,,MANAUS,COORD. DISTRITAL 05,Ativa,                                                                                         
102,ESCOLA ESTADUAL SANT ANA,,MANAUS,COORD. DISTRITAL 02,Ativa,                                                                                                                       
103,ESCOLA ESTADUAL ALMIRANTE ERNESTO MELLO BAPTISTA,,MANAUS,COORD. DISTRITAL 02,Ativa,                                                                                
104,ESCOLA ESTADUAL ESTELITA TAPAJOS,,MANAUS,COORD. DISTRITAL 02,Ativa,                                                                                                                                
105,ESCOLA ESTADUAL ISAAC BENZECRY,,MANAUS,COORD. DISTRITAL 02,Ativa,                                                                                                 
106,ESCOLA ESTADUAL LEOPOLDO NEVES,,MANAUS,COORD. DISTRITAL 02,Ativa,                                                                                                                             
107,ESCOLA ESTADUAL MACHADO DE ASSIS,,MANAUS,COORD. DISTRITAL 02,Ativa,                                                                                                                    
108,ESCOLA ESTADUAL MESTRE OTILIO,,MANAUS,COORD. DISTRITAL 02,Ativa,                                                                                                       
109,ESCOLA ESTADUAL MONTEIRO DE SOUZA,,MANAUS,COORD. DISTRITAL 02,Ativa,                                                                                                 
111,ESCOLA ESTADUAL PROFESSORA DIANA PINHEIRO,,MANAUS,COORD. DISTRITAL 02,Ativa,                                                                                             
114,ESCOLA ESTADUAL ALFREDO CAMPOS,,MANAUS,COORD. DISTRITAL 02,Ativa,                                                                                         
115,ESCOLA ESTADUAL JOSE CARLOS MESTRINHO,,MANAUS,COORD. DISTRITAL 02,Ativa,                                                                                
116,ESCOLA ESTADUAL LUCINDA FELIX DE AZEVEDO,,MANAUS,COORD. DISTRITAL 02,Ativa,                                                                                             
117,ESCOLA ESTADUAL LUIS DE CAMOES,,MANAUS,COORD. DISTRITAL 02,Ativa,                                                                                                             
118,ESCOLA ESTADUAL NATHALIA UCHOA,,MANAUS,COORD. DISTRITAL 02,Ativa,                                                                                                             
119,ESCOLA ESTADUAL PROFª ONDINA DE PAULA RIBEIRO,,MANAUS,COORD. DISTRITAL 02,Ativa,                                                                                                      
120,ESCOLA ESTADUAL PROFESSOR BENICIO LEAO,,MANAUS,COORD. DISTRITAL 02,Ativa,                                                                                                            
121,ESCOLA ESTADUAL BENEDITO ALMEIDA,,MANAUS,COORD. DISTRITAL 05,Ativa,                                                                                                                        
122,ESCOLA ESTADUAL PROFESSOR DJALMA DA CUNHA BATISTA,,MANAUS,COORD. DISTRITAL 02,Ativa,                                                                                            
123,ESCOLA ESTADUAL ADERSON DE MENEZES,,MANAUS,COORD. DISTRITAL 03,Ativa,                                                                                                                
124,ESCOLA ESTADUAL PROFESSORA ALICE SALERNO GOMES DE LIMA,,MANAUS,COORD. DISTRITAL 03,Ativa,                                                                            
125,ESCOLA ESTADUAL ALMIRANTE BARROSO,,MANAUS,COORD. DISTRITAL 03,Ativa,                                                                                                   
126,ESCOLA ESTADUAL ALTAIR SEVERIANO NUNES,,MANAUS,COORD. DISTRITAL 03,Ativa,                                                                                       
127,ESCOLA ESTADUAL SIMON BOLIVAR,,MANAUS,COORD. DISTRITAL 03,Ativa,                                                                                              
129,ESCOLA ESTADUAL MENINO JESUS DE PRAGA,,MANAUS,COORD. DISTRITAL 03,Ativa,                                                                                                                       
130,ESCOLA ESTADUAL PROFA LEONILIA MARINHO,,MANAUS,COORD. DISTRITAL 03,Ativa,                                                                                           
131,ESCOLA ESTADUAL SANTA TEREZINHA,,MANAUS,COORD. DISTRITAL 03,Ativa,                                                                                                            
132,ESCOLA ESTADUAL FARIAS BRITTO,,MANAUS,COORD. DISTRITAL 01,Ativa,              
133,ESCOLA ESTADUAL LUIZINHA NASCIMENTO,,MANAUS,COORD. DISTRITAL 01,Ativa,                                                                                                                      
134,ESCOLA ESTADUAL PLACIDO SERRANO,,MANAUS,COORD. DISTRITAL 01,Ativa,                                                                                                      
135,ESCOLA ESTADUAL 1º DE MAIO,,MANAUS,COORD. DISTRITAL 01,Ativa,                                                                                                                        
136,ESCOLA ESTADUAL SANTA LUZIA,,MANAUS,COORD. DISTRITAL 01,Ativa,                                                                                                                           
137,COLEGIO MILITAR DA POLICIA MILITAR DO AMAZONAS,,MANAUS,COORD. DISTRITAL 02,Ativa,                                                                               
138,ESCOLA ESTADUAL ANGELO RAMAZZOTTI,,MANAUS,COORD. DISTRITAL 03,Ativa,                                                                                       
139,ESCOLA ESTADUAL GETULIO VARGAS,,MANAUS,COORD. DISTRITAL 01,Ativa,                                                                                                                        
140,ESCOLA ESTADUAL HELENA ARAUJO,,MANAUS,COORD. DISTRITAL 01,Ativa,                                                                                                      
141,ESCOLA ESTADUAL IZABEL BARRONCAS,,MANAUS,COORD. DISTRITAL 01,Ativa,                                                                                                       
142,ESCOLA ESTADUAL MARCIO NERY,,MANAUS,COORD. DISTRITAL 01,Ativa,                                                                                                                                  
143,ESCOLA ESTADUAL PADRE AGOSTINHO MARTIN,,MANAUS,COORD. DISTRITAL 01,Ativa,                                                                                              
144,ESCOLA ESTADUAL TIRADENTES,,MANAUS,COORD. DISTRITAL 02,Ativa,                                                                                                                    
147,ESCOLA ESTADUAL ARTHUR ARAUJO,,MANAUS,COORD. DISTRITAL 03,Ativa,                                                                                                             
148,ESCOLA ESTADUAL HERBERT PALHANO,,MANAUS,COORD. DISTRITAL 03,Ativa,                                                                                                                        
149,ESCOLA ESTADUAL PROFA LEONOR SANTIAGO MOURAO,,MANAUS,COORD. DISTRITAL 03,Ativa,                                                                                
150,ESCOLA ESTADUAL NOSSA SENHORA DAS GRACAS,,MANAUS,COORD. DISTRITAL 03,Ativa,                                                                                                        
151,ESCOLA ESTADUAL SOLON DE LUCENA,,MANAUS,COORD. DISTRITAL 03,Ativa,                                                                                                                        
152,ESCOLA ESTADUAL VICENTE TELLES,,MANAUS,COORD. DISTRITAL 03,Ativa,                                                                                                                          
153,ESCOLA ESTADUAL FUETH PAULO MOURAO,,MANAUS,COORD. DISTRITAL 04,Ativa,                                                                                                               
154,ESCOLA ESTADUAL GENERAL SAMPAIO,,MANAUS,COORD. DISTRITAL 04,Ativa,                                                                                                                
155,ESCOLA ESTADUAL ISAAC BENAYON SABBA,,MANAUS,COORD. DISTRITAL 04,Ativa,                                                                                                                      
156,ESCOLA ESTADUAL JOAO BOSCO PANTOJA EVANGELISTA,,MANAUS,COORD. DISTRITAL 04,Ativa,                                                                            
157,ESCOLA ESTADUAL MARECHAL HERMES,,MANAUS,COORD. DISTRITAL 04,Ativa,                                                                                                          
158,ESCOLA ESTADUAL PRESIDENTE CASTELO BRANCO,,MANAUS,COORD. DISTRITAL 04,Ativa,                                                                                                             
159,ESCOLA ESTADUAL ZULMIRA BITTENCOURT,,MANAUS,COORD. DISTRITAL 04,Ativa,                                                                  
161,ESCOLA ESTADUAL PROF ANTONIO MAURITY MONTEIRO COELHO,,MANAUS,COORD. DISTRITAL 05,Ativa,                                                                                   
162,EE PROFª BERNARDETE DO SOCORRO TRINDADE DA ROCHA,,MANAUS,COORD. DISTRITAL 05,Ativa,                                                                                                
163,ESCOLA ESTADUAL GILBERTO MESTRINHO,,MANAUS,COORD. DISTRITAL 05,Ativa,                                                                                             
164,ESCOLA ESTADUAL DR ISAAC SVERNER,,MANAUS,COORD. DISTRITAL 05,Ativa,                                                                                                                                
165,ESCOLA ESTADUAL MARIA MADALENA SANTANA DE LIMA,,MANAUS,COORD. DISTRITAL 05,Ativa,                                                                                                            
166,ESCOLA ESTADUAL MARIA TEIXEIRA GOES,,MANAUS,COORD. DISTRITAL 05,Ativa,                                                                                                                    
167,ESCOLA ESTADUAL RILTON LEAL FILHO,,MANAUS,COORD. DISTRITAL 05,Ativa,                                                                                                         
168,ESCOLA ESTADUAL VASCO VASQUES,,MANAUS,COORD. DISTRITAL 05,Ativa,                                                                                                           
169,ESCOLA ESTADUAL IRMA ADONAI POLITI,,MANAUS,COORD. DISTRITAL 04,Ativa,                                                                                                      
170,ESCOLA ESTADUAL ANTONIO BITTENCOURT,,MANAUS,COORD. DISTRITAL 04,Ativa,                                                                                                            
171,ESCOLA ESTADUAL JOANNA RODRIGUES VIEIRA,,MANAUS,COORD. DISTRITAL 04,Ativa,                                                       
172,ESCOLA ESTADUAL LIBERALINA WEILL,,MANAUS,COORD. DISTRITAL 04,Ativa,                                                                                                    
173,ESCOLA ESTADUAL MARQUEZ DE SANTA CRUZ,,MANAUS,COORD. DISTRITAL 04,Ativa,                                                                                                   
174,ESCOLA ESTADUAL GOVERNADOR MELO POVOAS,,MANAUS,COORD. DISTRITAL 04,Ativa,                                                                                                                       
175,ESCOLA ESTADUAL Nª Sª DA GLORIA,,MANAUS,COORD. DISTRITAL 04,Ativa,                                                                                                                         
176,ESCOLA ESTADUAL OLAVO BILAC,,MANAUS,COORD. DISTRITAL 04,Ativa,                                                                                                                                   
177,ESCOLA ESTADUAL PEDRO SILVESTRE,,MANAUS,COORD. DISTRITAL 04,Ativa,                                                                                                                  
178,ESCOLA ESTADUAL SANTO ANTONIO,,MANAUS,COORD. DISTRITAL 04,Ativa,                                                                                                                   
179,ESCOLA ESTADUAL SAO LUIZ DE GONZAGA,,MANAUS,COORD. DISTRITAL 04,Ativa,                                                                                                      
1048,ESCOLA ESTADUAL ARLINDO VIEIRA DOS SANTOS,,MANAUS,COORD. DISTRITAL 07,Ativa,                                                                                                   
1049,ESCOLA ESTADUAL ELIRA PINHEIRO,,MANAUS,COORD. DISTRITAL 06,Ativa,                                                                                   
1102,ESCOLA ESTADUAL MANUEL ANTONIO DE SOUZA,,MANAUS,COORD. DISTRITAL 05,Ativa,                                                    
1270,ESCOLA ESTADUAL PROFESSOR WALDOCKE FRICKE DE LYRA,,MANAUS,COORD. DISTRITAL 07,Ativa,                                                         
1282,ESCOLA ESTADUAL DOM JACSON DAMASCENO RODRIGUES,,MANAUS,COORD. DISTRITAL 05,Ativa,                                                                      
1283,ESCOLA ESTADUAL PROFESSOR JURACY BATISTA GOMES,,MANAUS,COORD. DISTRITAL 06,Ativa,                                                                                              
1284,ESCOLA ESTADUAL PROF JORGE KARAM NETO,,MANAUS,COORD. DISTRITAL 05,Ativa,                                                                                                                       
1308,ESCOLA ESTADUAL J. G. ARAUJO,,MANAUS,COORD. DISTRITAL 02,Ativa,                                                                                                                        
1322,E. E. PROFESSOR FRANCISCO DAS CHAGAS DE SOUZA ALBUQUERQUE,,MANAUS,COORD. DISTRITAL01,Ativa,                                                                                                       
1356,ANEXO DA E.E. ARLINDO VIEIRA DOS SANTOS - I,,MANAUS,,Ativa,                                                                                 
1373,ESCOLA ESTADUAL CID CABRAL DA SILVA,,MANAUS,COORD. DISTRITAL 06,Ativa,                                                                                                  
1374,ESCOLA ESTADUAL PROFESSORA SEBASTIANA BRAGA,,MANAUS,COORD. DISTRITAL 06,Ativa,                                                                                                                      
1375,ESCOLA ESTADUAL LETICIO DE CAMPOS DANTAS,,MANAUS,COORD. DISTRITAL 06,Ativa,                                                                          
1376,ESCOLA ESTADUAL RODERICK DE CASTELLO BRANCO,,MANAUS,COORD. DISTRITAL 05,Ativa,                                                                                                                   
1377,ESCOLA ESTADUAL PADRE LUIS RUAS,,MANAUS,COORD. DISTRITAL 05,Ativa,                                                                                                                             
1378,ESCOLA ESTADUAL PROFESSOR CLEOMENES DO CARMO CHAVES,,MANAUS,COORD. DISTRITAL 05,Ativa,                                                          
1383,ESCOLA ESTADUAL ERNESTO PENAFORT,,MANAUS,COORD. DISTRITAL 05,Ativa,                                                                                                   
1389,ESCOLA ESTADUAL PROFESSOR DORVAL VARELA MOURA,,MANAUS,COORD. DISTRITAL 07,Ativa,                                                                                         
1402,ESCOLA ESTADUAL MARCANTONIO VILACA,,MANAUS,COORD. DISTRITAL 06,Ativa,                                                                                                         
1474,ESCOLA ESTADUAL PROFESSOR JULIO CESAR DE MORAES PASSOS,,MANAUS,COORD. DISTRITAL06,Ativa,                                                                                                   
1481,ESCOLA ESTADUAL ANTOGILDO PASCOAL VIANA,,MANAUS,COORD. DISTRITAL 07,Ativa,                                                                                                              
1496,ESCOLA ESTADUAL PROFESSORA JACIMAR DA SILVA GAMA,,MANAUS,COORD. DISTRITAL 02,Ativa,                                                                                                
1498,CEJA PROF AGENOR FERREIRA LIMA,,MANAUS,COORD. DISTRITAL 03,Ativa,                                                                                                                   
1506,ESCOLA ESTADUAL ANTONIO NUNEZ JIMENEZ,,MANAUS,COORD. DISTRITAL 05,Ativa,                                                                                                                    
1507,ESCOLA ESTADUAL PROFESSOR OCTAVIO MOURAO,,MANAUS,COORD. DISTRITAL 07,Ativa,                                                                                                      
1514,ESCOLA ESTADUAL ERNESTO PINHO FILHO,,MANAUS,COORD. DISTRITAL 07,Ativa,                                                                                                        
1515,ESCOLA ESTADUAL MANUEL RODRIGUES DE SOUZA,,MANAUS,COORD. DISTRITAL 05,Ativa,                                                                     
1516,ESCOLA ESTADUAL PROFESSOR SAMUEL BENCHIMOL,,MANAUS,COORD. DISTRITAL 07,Ativa,                                                                     
1544,ESCOLA ESTADUAL PROFESSOR RUY ALENCAR,,MANAUS,COORD. DISTRITAL 07,Ativa,                                                                                                           
1560,ESCOLA ESTADUAL BELARMINO MARREIRO,,MANAUS,COORD. DISTRITAL 06,Ativa,                                                                               
1575,CEJA PROFESSORA JACIRA CABOCLO,,MANAUS,COORD. DISTRITAL 01,Ativa,                                                                                                               
1600,ANEXO DA ESC EST JOSEPHINA DE MELO RAIMUNDO PARENTE,,MANAUS,,Ativa,                  
1601,ANEXO DA ESC EST JOSEPHINA DE MELO DAGMAR FEITOSA,,MANAUS,,Ativa,                                        
1602,ANEXO DA ESC EST JOSEPHINA DE MELO MARISE MENDES,,MANAUS,,Ativa,                                             
1617,ESCOLA ESTADUAL PROFª RUTH PRESTES GONCALVES,,MANAUS,COORD. DISTRITAL 06,Ativa,                                                                                                            
6237,ESCOLA ESTADUAL PROFESSOR ROBERTO DOS SANTOS VIEIRA,,MANAUS,COORD. DISTRITAL 07,Ativa,                                                                                
6238,ESCOLA ESTADUAL PROFª ADELAIDE TAVARES DE MACEDO,,MANAUS,COORD. DISTRITAL 03,Ativa,                                                                                                         
6247,ESCOLA ESTADUAL PROFESSORA ROXANA PEREIRA BONESSI,,MANAUS,COORD. DISTRITAL 02,Ativa,                                                                       
6294,ESCOLA ESTADUAL RAIMUNDA HOLANDA DE SOUZA,,MANAUS,COORD. DISTRITAL 06,Ativa,                                                                                          
6334,ESCOLA ESTADUAL DE ATEND. ESP. MAYARA REDMAN ABDEL AZIZ,,MANAUS,COORD. DISTRITAL03,Ativa,                                                         
6486,ESCOLA ESTADUAL JAIRO DA SILVA ROCHA,,MANAUS,COORD. DISTRITAL 05,Ativa,                                                                                                             
6520,ESCOLA ESTADUAL PROFESSORA WILMA VITORIANO GEBER,,MANAUS,COORD. DISTRITAL 06,Ativa,                                                                          
6521,ESCOLA ESTADUAL PROFESSOR ERNANE NASCIMENTO SIMAO,,MANAUS,COORD. DISTRITAL 05,Ativa,                                                             
6522,ESCOLA ESTADUAL PROF DEMOSTENES BELDUQUE ARAUJO TRAVESSA,,MANAUS,COORD. DISTRITAL 05,Ativa,                                                               
6524,EETI RAFAIEL HENRIQUE PINHEIRO DOS SANTOS,,MANAUS,COORD. DISTRITAL 07,Ativa,                                                                                                           
6525,ESCOLA ESTADUAL PROFESSOR SEBASTIAO AUGUSTO LOUREIRO FILHO,,MANAUS,COORD. DISTRITAL 07,Ativa,                                                           
6526,ESCOLA ESTADUAL PROFESSORA TEREZA SIQUEIRA TUPINAMBA,,MANAUS,COORD. DISTRITAL 07,Ativa,                                                                                     
7216,ESCOLA ESTADUAL FREI MARIO MONACELLI,,MANAUS,COORD. DISTRITAL 06,Ativa,                                                                                 
7221,ESCOLA ESTADUAL PROFA ANA LUCIA DE MORAES COSTA E SILVA,,MANAUS,COORD. DISTRITAL 07,Ativa,                                                                                         
7222,ESCOLA ESTADUAL AUREA PINHEIRO BRAGA,,MANAUS,COORD. DISTRITAL 05,Ativa,                                                                                                         
7238,ESCOLA ESTADUAL PROFESSORA HAYDEE CABRAL LYRA,,MANAUS,COORD. DISTRITAL 07,Ativa,                                                                                          
7239,ESCOLA ESTADUAL SENADOR JEFFERSON CARPINTEIRO PERES,,MANAUS,COORD. DISTRITAL 07,Ativa,                                                                                  
7240,ESCOLA ESTADUAL RAIO DE SOL,,MANAUS,COORD. DISTRITAL 06,Ativa,                                                                                                           
7241,ESCOLA ESTADUAL AYRTON SENNA,,MANAUS,COORD. DISTRITAL 07,Ativa,                                                                                                            
7385,ESCOLA ESTADUAL MADRE TEREZA DE CALCUTA,,MANAUS,COORD. DISTRITAL 02,Ativa,                                                                          
7421,ESCOLA ESTADUAL ANA NEIRE MARQUES DA SILVA,,MANAUS,COORD. DISTRITAL 07,Ativa,                                                                            
7422,ESCOLA ESTADUAL DRA ZILDA ARNS NEUMANN,,MANAUS,COORD. DISTRITAL 07,Ativa,                                                                            
7442,ESCOLA ESTADUAL IRMA GABRIELLE COGELS,,MANAUS,COORD. DISTRITAL 05,Ativa,                                                                                                                             
7466,EETI PROFESSOR GARCITYLZO DO LAGO E SILVA,,MANAUS,COORD. DISTRITAL 07,Ativa,                                                                                             
7516,EETI DRA ZILDA ARNS NEUMANN,,MANAUS,COORD. DISTRITAL 07,Ativa,                                                                                                        
7517,EETI MARCANTONIO VILACA II,,MANAUS,COORD. DISTRITAL 06,Ativa,                                                                                                                    
7679,EETI JOAO DOS SANTOS BRAGA,,MANAUS,COORD. DISTRITAL 07,Ativa,                                                                                 
7710,EETI AUREA PINHEIRO BRAGA,,MANAUS,COORD. DISTRITAL 04,Ativa,                                                                                                                                 
7711,EETI GILBERTO MESTRINHO DE MEDEIROS RAPOSO,,MANAUS,COORD. DISTRITAL 02,Ativa,                                                                             
7739,CEJA PROFESSOR PAULO FREIRE,,MANAUS,COORD. DISTRITAL 01,Ativa,                                                                                                                          
7740,ESCOLA ESTADUAL PROFESSORA CECILIA FERREIRA DA SILVA,,MANAUS,COORD. DISTRITAL 05,Ativa,                                                                                          
7807,EETI ELISA BESSA FREIRE,,MANAUS,COORD. DISTRITAL 05,Ativa,                                                                                                                   
7809,EETI PROFESSORA CINTHIA REGIA GOMES DO LIVRAMENTO,,MANAUS,COORD. DISTRITAL 05,Ativa,                                                                                              
8117,ESCOLA ESTADUAL SAMSUNG AMAZONAS,,MANAUS,COORD. DISTRITAL 04,Ativa,                                                                           
8120,EETI ENGENHEIRO PROFESSOR SERGIO ALFREDO PESSOA FIGUEIREDO,,MANAUS,COORD. DISTRITAL 05,Ativa,                                                            
8671,ESCOLA ESTADUAL ELIANA SOCORRO PACHECO BRAGA,,MANAUS,COORD. DISTRITAL 07,Ativa,                                                                          
9013,ESCOLA ESTADUAL PROF ELIANA DE FREITAS MORAIS,,MANAUS,COORD. DISTRITAL 07,Ativa,                                                                                          
9110,ESCOLA ESTADUAL SENADOR EVANDRO DAS NEVES CARREIRA,,MANAUS,COORD. DISTRITAL 07,Ativa,                                                                                         
9111,ESCOLA ESTADUAL PROFA KARLA PATRICIA BARROS DE AZEVEDO,,MANAUS,COORD. DISTRITAL 07,Ativa,                                                            
9121,ESCOLA ESTADUAL TEN. CORONEL CANDIDO JOSE MARIANO,,MANAUS,COORD. DISTRITAL 03,Ativa,                                                             
9137,ESCOLA ESTADUAL CORONEL PEDRO CAMARA,,MANAUS,COORD. DISTRITAL 04,Ativa,              
9302,EETI PROFESSORA LECITA FONSECA RAMOS,,MANAUS,COORD. DISTRITAL 07,Ativa,                                                                                                                             
9610,ESCOLA ESTADUAL PROFESSOR ROFRAN BELCHIOR DA SILVA,,MANAUS,COORD. DISTRITAL 05,Ativa,                                                                 
9685,ANEXO DA E E AYRTON SENNA,,MANAUS,,Ativa,                                                                                
9731,CETI DARIANA ZULEICA CORREA LOPES,,MANAUS,COORD. DISTRITAL 07,Ativa,                                                                              
9823,ESCOLA ESTADUAL TEREZINHA ALMEIDA DA SILVA,,MANAUS,COORD. DISTRITAL 03,Ativa,                                                                                                               
9914,ANEXO DO COLEGIO MILITAR DA POLICIA MILITAR I,,MANAUS,,Ativa,                                                                                        
9924,ANEXO DA ESCOLA ESTADUAL IRMA GABRIELLE COGELS,,MANAUS,,Ativa,                               
9952,ANEXO DA ESCOLA ESTADUAL JACIMAR DA SILVA GAMA,,MANAUS,,Ativa,                                                                       
1499,EE JOSEPHINA DE MELO,,MANAUS,COORD. DISTRITAL 03,Ativa,
180,ESCOLA ESTADUAL CARMOZINA BAIMA DE ALMEIDA,,ATALAIA DO NORTE,COORDENADORIA REGIONAL ATALAIA DO NORTE,Ativa
181,ESCOLA ESTADUAL PIO VEIGA,,ATALAIA DO NORTE,COORDENADORIA REGIONAL ATALAIA DO NORTE,Ativa
182,ESCOLA ESTADUAL PROFª TEREZA LEMOS DE OLIVEIRA SANTOS,,ATALAIA DO NORTE,COORDENADORIA REGIONAL ATALAIA DO NORTE,Ativa
184,ESCOLA ESTADUAL CARMINA DE CASTRO,,CAAPIRANGA,COORDENADORIA REGIONAL CAAPIRANGA,Ativa
185,ESCOLA ESTADUAL SENADOR JOSE ESTEVES,,BOA VISTA DO RAMOS,COORDENADORIA REGIONAL BOA VISTA DO RAMOS,Ativa
186,ESCOLA ESTADUAL HERMOGENES SARAIVA,,CAAPIRANGA,COORDENADORIA REGIONAL CAAPIRANGA,Ativa
187,ESCOLA ESTADUAL MARCAL MACHADO GIRAO,,CAREIRO,COORDENADORIA REGIONAL CAREIRO,Ativa
188,ESCOLA ESTADUAL PEDRO DOS SANTOS,,CAREIRO,COORDENADORIA REGIONAL CAREIRO,Ativa
189,ESCOLA ESTADUAL THOME FERREIRA SANTIAGO,,CAREIRO,COORDENADORIA REGIONAL CAREIRO,Ativa
190,ESCOLA ESTADUAL SENADOR FABIO LUCENA,,CAREIRO,COORDENADORIA REGIONAL CAREIRO,Ativa
191,ESCOLA ESTADUAL ISAIAS VASCONCELOS,,IRANDUBA,COORDENADORIA REGIONAL IRANDUBA,Ativa
192,ESCOLA ESTADUAL SENADOR JOAO BOSCO RAMOS DE LIMA,,IRANDUBA,COORDENADORIA REGIONAL IRANDUBA,Ativa
195,ESCOLA ESTADUAL QUITO TATIKAWA,,ITAPIRANGA,COORDENADORIA REGIONAL ITAPIRANGA,Ativa
197,ESCOLA ESTADUAL TEREZA DOS SANTOS,,ITAPIRANGA,COORDENADORIA REGIONAL ITAPIRANGA,Ativa
199,ESCOLA ESTADUAL PROFESSOR MILETO BATISTA,,ITAPIRANGA,COORDENADORIA REGIONAL ITAPIRANGA,Ativa
200,ESCOLA ESTADUAL CASTELO BRANCO,,JAPURA,COORDENADORIA REGIONAL JAPURA,Ativa
201,ESCOLA ESTADUAL RAIMUNDO ROBERTO,,JAPURA,COORDENADORIA REGIONAL JAPURA,Ativa
203,ESCOLA ESTADUAL PE JOAO VAN DEN,,JUTAI,COORDENADORIA REGIONAL JUTAI,Ativa
205,ESCOLA ESTADUAL SAO FRANCISCO,,JUTAI,COORDENADORIA REGIONAL JUTAI,Ativa
207,ESCOLA ESTADUAL IRMA BRUNA,,JUTAI,COORDENADORIA REGIONAL JUTAI,Ativa
208,ESCOLA ESTADUAL ANSELMO JACOB,,MANAQUIRI,COORDENADORIA REGIONAL MANAQUIRI,Ativa
209,ESCOLA ESTADUAL JOAQUIM DE PAULA,,NOVO AIRAO,COORDENADORIA REGIONAL NOVO AIRAO,Ativa
210,ESCOLA ESTADUAL MARIA CALDERARO,,PRESIDENTE FIGUEIREDO,COORDENADORIA REGIONAL PRESIDENTE FIGUEIREDO,Ativa
214,ESCOLA ESTADUAL MARCELINO VIEIRA,,RIO PRETO DA EVA,COORDENADORIA REGIONAL RIO PRETO DA EVA,Ativa
216,ESCOLA ESTADUAL 5 DE SETEMBRO,,SILVES,COORDENADORIA REGIONAL SILVES,Ativa
217,ESCOLA ESTADUAL HUMBERTO DE ALENCAR CASTELO BRANCO,,SILVES,COORDENADORIA REGIONAL SILVES,Ativa
219,ESCOLA ESTADUAL SAGRADA FAMILIA,,SANTA ISABEL DO RIO NEGRO,COORDENADORIA REGIONAL SANTA ISABEL DO RIO NEGRO,Ativa
220,ESCOLA ESTADUAL SANTA ISABEL,,SANTA ISABEL DO RIO NEGRO,COORDENADORIA REGIONAL SANTA ISABEL DO RIO NEGRO,Ativa
221,ESCOLA ESTADUAL PADRE SCHANAIDER,,SANTA ISABEL DO RIO NEGRO,COORDENADORIA REGIONAL SANTA ISABEL DO RIO NEGRO,Ativa
222,ESCOLA ESTADUAL DUQUE DE CAXIAS,,ANAMA,COORDENADORIA REGIONAL ANAMA,Ativa
223,ESCOLA ESTADUAL JESUINA REGIS,,ANAMA,COORDENADORIA REGIONAL ANAMA,Ativa
224,ESCOLA ESTADUAL MARIA NOGUEIRA MARQUES,,ANAMA,COORDENADORIA REGIONAL ANAMA,Ativa
225,ESCOLA ESTADUAL TANCREDO NEVES,,ANAMA,COORDENADORIA REGIONAL ANAMA,Ativa
226,ESCOLA ESTADUAL ALCINDA PINHEIRO COSTA,,ANAMA,COORDENADORIA REGIONAL ANAMA,Ativa
227,ESCOLA ESTADUAL ALMERINDA NOGUEIRA UCHOA IZEL,,ANORI,COORDENADORIA REGIONAL ANORI,Ativa
228,ESCOLA ESTADUAL EURICO GASPAR DUTRA,,ANORI,COORDENADORIA REGIONAL ANORI,Ativa
229,ESCOLA ESTADUAL PRESIDENTE COSTA E SILVA,,ANORI,COORDENADORIA REGIONAL ANORI,Ativa
230,ESCOLA ESTADUAL IZAURA TORRES DA SILVA,,AUTAZES,COORDENADORIA REGIONAL AUTAZES,Ativa
231,ESCOLA ESTADUAL RAYMUNDO SA,,AUTAZES,COORDENADORIA REGIONAL AUTAZES,Ativa
232,ESCOLA ESTADUAL VIDAL GOMES DE MELO,,AUTAZES,COORDENADORIA REGIONAL AUTAZES,Ativa
233,EE MARIA EMILIA MARTINS MESTRINHO DE MEDEIROS RAPOSO,,AUTAZES,COORDENADORIA REGIONAL AUTAZES,Ativa
234,ESCOLA ESTADUAL ANGELINA PALHETA MENDES,,BARCELOS,COORDENADORIA REGIONAL BARCELOS,Ativa
235,ESCOLA ESTADUAL PE JOAO BADALOTTI,,BARCELOS,COORDENADORIA REGIONAL BARCELOS,Ativa
236,ESCOLA ESTADUAL SAO FRANCISCO DE SALES,,BARCELOS,COORDENADORIA REGIONAL BARCELOS,Ativa
237,ESCOLA ESTADUAL PROF OCTAVIANO CARDOSO,,BARREIRINHA,COORDENADORIA REGIONAL BARREIRINHA,Ativa
239,ESCOLA ESTADUAL PADRE SEIXAS,,BARREIRINHA,COORDENADORIA REGIONAL BARREIRINHA,Ativa
240,ESCOLA ESTADUAL ANTONIO BELCHIOR CABRAL,,BARREIRINHA,COORDENADORIA REGIONAL BARREIRINHA,Ativa
241,ESCOLA ESTADUAL PROFª MARIA BELEM,,BARREIRINHA,COORDENADORIA REGIONAL BARREIRINHA,Ativa
242,ESCOLA ESTADUAL SENADOR JOAO BOSCO,,BARREIRINHA,COORDENADORIA REGIONAL BARREIRINHA,Ativa
244,ESCOLA ESTADUAL NILO PEREIRA,,BARREIRINHA,COORDENADORIA REGIONAL BARREIRINHA,Ativa
246,ESCOLA ESTADUAL CORONEL RAYMUNDO CUNHA,,BENJAMIN CONSTANT,COORDENADORIA REGIONAL BENJAMIN CONSTANT,Ativa
247,ESCOLA ESTADUAL NOSSA SENHORA DA IMACULADA CONCEICAO,,BENJAMIN CONSTANT,COORDENADORIA REGIONAL BENJAMIN CONSTANT,Ativa
248,ESCOLA ESTADUAL PROFESSORA ROSA CRUZ,,BENJAMIN CONSTANT,COORDENADORIA REGIONAL BENJAMIN CONSTANT,Ativa
249,ESCOLA ESTADUAL GETULIO VARGAS,,BERURI,COORDENADORIA REGIONAL BERURI,Ativa
250,ESCOLA ESTADUAL PROFESSOR GILBERTO MESTRINHO,,BERURI,COORDENADORIA REGIONAL BERURI,Ativa
251,ESCOLA ESTADUAL EUCLIDES CORREA VIEIRA,,BERURI,COORDENADORIA REGIONAL BERURI,Ativa
252,ESCOLA ESTADUAL ALMIRANTE BARROSO,,BOCA DO ACRE,COORDENADORIA REGIONAL BOCA DO ACRE,Ativa
253,ESCOLA ESTADUAL BARAO DE BOCA DO ACRE,,BOCA DO ACRE,COORDENADORIA REGIONAL BOCA DO ACRE,Ativa
254,ESCOLA ESTADUAL CEL JOSE DE ASSUNCAO,,BOCA DO ACRE,COORDENADORIA REGIONAL BOCA DO ACRE,Ativa
255,ESCOLA ESTADUAL DANILO CORREA,,BOCA DO ACRE,COORDENADORIA REGIONAL BOCA DO ACRE,Ativa
256,ESCOLA ESTADUAL JACINTO ALE,,BOCA DO ACRE,COORDENADORIA REGIONAL BOCA DO ACRE,Ativa
257,ESCOLA ESTADUAL JOAO GABRIEL,,BOCA DO ACRE,COORDENADORIA REGIONAL BOCA DO ACRE,Ativa
259,ESCOLA ESTADUAL JOSE LEITE,,BOCA DO ACRE,COORDENADORIA REGIONAL BOCA DO ACRE,Ativa
260,ESCOLA ESTADUAL LUCAS PENA,,BOCA DO ACRE,COORDENADORIA REGIONAL BOCA DO ACRE,Ativa
262,ESCOLA ESTADUAL N.ª S.ª APARECIDA,,BOCA DO ACRE,COORDENADORIA REGIONAL BOCA DO ACRE,Ativa
266,ESCOLA ESTADUAL ALBERTO DE A. CORREA,,PAUINI,COORDENADORIA REGIONAL PAUINI,Ativa
267,ESCOLA ESTADUAL FREI MARIO SABINO,,PAUINI,COORDENADORIA REGIONAL PAUINI,Ativa
269,ESCOLA ESTADUAL BALBINA MESTRINHO,,BORBA,COORDENADORIA REGIONAL BORBA,Ativa
270,ESCOLA ESTADUAL BENEDITO GUMERCINDO DE SOUZA,,BORBA,COORDENADORIA REGIONAL BORBA,Ativa
271,ESCOLA ESTADUAL CONEGO BENTO JOSE DE SOUZA,,BORBA,COORDENADORIA REGIONAL BORBA,Ativa
272,ESCOLA ESTADUAL JOAO FERREIRA DA FONSECA,,BORBA,COORDENADORIA REGIONAL BORBA,Ativa
273,ESCOLA ESTADUAL LOTHAR SUSSMAN,,BORBA,COORDENADORIA REGIONAL BORBA,Ativa
274,ESCOLA ESTADUAL MONSENHOR COUTINHO,,BORBA,COORDENADORIA REGIONAL BORBA,Ativa
276,ESCOLA ESTADUAL NOSSA SENHORA DO ROSARIO,,BORBA,COORDENADORIA REGIONAL BORBA,Ativa
277,ESCOLA ESTADUAL PROF LOURENCO RODRIGUES DA MOTTA,,BORBA,COORDENADORIA REGIONAL BORBA,Ativa
278,ESCOLA ESTADUAL SENADOR ALVARO MAIA,,BORBA,COORDENADORIA REGIONAL BORBA,Ativa
280,ESCOLA ESTADUAL BELARMINO GOMES DE ALBUQUERQUE,,CARAUARI,COORDENADORIA REGIONAL CARAUARI,Ativa
281,ESCOLA ESTADUAL CEL ALFREDO MARQUES DA SILVEIRA,,CARAUARI,COORDENADORIA REGIONAL CARAUARI,Ativa
283,ESCOLA ESTADUAL PROFª NAZARE VARELA,,CARAUARI,COORDENADORIA REGIONAL CARAUARI,Ativa
284,ESCOLA ESTADUAL SAO JOSE,,CARAUARI,COORDENADORIA REGIONAL CARAUARI,Ativa
285,ESCOLA ESTADUAL NAIR ALVES DA SILVA,,CARAUARI,COORDENADORIA REGIONAL CARAUARI,Ativa
286,ESCOLA ESTADUAL OSVALDO NASCIMENTO,,CARAUARI,COORDENADORIA REGIONAL CARAUARI,Ativa
287,ESCOLA ESTADUAL SERGIO RUFINO DE OLIVEIRA,,CARAUARI,COORDENADORIA REGIONAL CARAUARI,Ativa
288,ESCOLA ESTADUAL SANTOS DUMONT,,ITAMARATI,COORDENADORIA REGIONAL ITAMARATI,Ativa
289,ESCOLA ESTADUAL FRANCIDENE SOARES BARROSO,,ITAMARATI,COORDENADORIA REGIONAL ITAMARATI,Ativa
290,ESCOLA ESTADUAL ARMANDO BERREDO,,JURUA,COORDENADORIA REGIONAL JURUA,Ativa
291,ESCOLA ESTADUAL CEL. FIUZA,,CAREIRO DA VARZEA,COORDENADORIA REGIONAL CAREIRO DA VARZEA,Ativa
292,ESCOLA ESTADUAL TANCREDO DE ALMEIDA NEVES,,CAREIRO DA VARZEA,COORDENADORIA REGIONAL CAREIRO DA VARZEA,Ativa
293,ESCOLA ESTADUAL VITAL DE ANDRADE BRANDAO,,CAREIRO DA VARZEA,COORDENADORIA REGIONAL CAREIRO DA VARZEA,Ativa
294,ESCOLA ESTADUAL ANTONIO FERREIRA GUEDES,,CAREIRO DA VARZEA,COORDENADORIA REGIONAL CAREIRO DA VARZEA,Ativa
295,ESCOLA ESTADUAL ALBERTO SANTOS MIGUEIS,,CAREIRO DA VARZEA,COORDENADORIA REGIONAL CAREIRO DA VARZEA,Ativa
296,ESCOLA ESTADUAL TIBURCIO ALVES MOGEIRO,,CAREIRO DA VARZEA,COORDENADORIA REGIONAL CAREIRO DA VARZEA,Ativa
299,ESCOLA ESTADUAL DIAMANTINA RIBEIRO DE OLIVIERA,,COARI,COORDENADORIA REGIONAL COARI,Ativa
300,ESCOLA ESTADUAL DOM MARIO,,COARI,COORDENADORIA REGIONAL COARI,Ativa
301,ESCOLA ESTADUAL FRANCISCO LOPES BRAGA,,COARI,COORDENADORIA REGIONAL COARI,Ativa
303,ESCOLA ESTADUAL INES DE NAZARE VIEIRA,,COARI,COORDENADORIA REGIONAL COARI,Ativa
304,ESCOLA ESTADUAL IRACI LEITAO,,COARI,COORDENADORIA REGIONAL COARI,Ativa
305,ESCOLA ESTADUAL JOAO VIEIRA,,COARI,COORDENADORIA REGIONAL COARI,Ativa
306,ESCOLA ESTADUAL N. S. PERPETUO SOCORRO,,COARI,COORDENADORIA REGIONAL COARI,Ativa
307,ESCOLA ESTADUAL PRESIDENTE KENNEDY,,COARI,COORDENADORIA REGIONAL COARI,Ativa
308,ESCOLA ESTADUAL PROF GILBERTO MESTRINHO,,COARI,COORDENADORIA REGIONAL COARI,Ativa
310,ESCOLA ESTADUAL THOME DE MEDEIROS RAPOSO,,COARI,COORDENADORIA REGIONAL COARI,Ativa
311,INSTITUTO BEREANO DE COARI,,COARI,COORDENADORIA REGIONAL COARI,Ativa
312,ESCOLA ESTADUAL FRANCISCA EVANGELISTA DA SILVA,,COARI,COORDENADORIA REGIONAL COARI,Ativa
314,ESCOLA ESTADUAL MARIA ALMEIDA DO NASCIMENTO,,COARI,COORDENADORIA REGIONAL COARI,Ativa
317,ESCOLA ESTADUAL PREFEITO ALEXANDRE MONTORIL,,COARI,COORDENADORIA REGIONAL COARI,Ativa
318,EE PROFESSOR GILBERTO MESTRINHO DE MEDEIROS RAPOSO,,CODAJAS,COORDENADORIA REGIONAL CODAJAS,Ativa
319,ESCOLA ESTADUAL JOSE MELO DE OLIVEIRA,,CODAJAS,COORDENADORIA REGIONAL CODAJAS,Ativa
322,ESCOLA ESTADUAL RODRIGO COSTA,,CODAJAS,COORDENADORIA REGIONAL CODAJAS,Ativa
323,ESCOLA ESTADUAL COSTA E SILVA,,CODAJAS,COORDENADORIA REGIONAL CODAJAS,Ativa
324,ESCOLA ESTADUAL WILSON GARCIA BASTOS,,CODAJAS,COORDENADORIA REGIONAL CODAJAS,Ativa
327,ESCOLA ESTADUAL PRESIDENTE EURICO GASPAR DUTRA,,EIRUNEPE,COORDENADORIA REGIONAL EIRUNEPE,Ativa
330,ESCOLA ESTADUAL FRANCISCA MENDES,,EIRUNEPE,COORDENADORIA REGIONAL EIRUNEPE,Ativa
332,ESCOLA ESTADUAL NOSSA SENHORA DE FATIMA,,EIRUNEPE,COORDENADORIA REGIONAL EIRUNEPE,Ativa
336,ESCOLA ESTADUAL SAO FRANCISCO,,EIRUNEPE,COORDENADORIA REGIONAL EIRUNEPE,Ativa
341,ESCOLA ESTADUAL DOM BOSCO,,EIRUNEPE,COORDENADORIA REGIONAL EIRUNEPE,Ativa
343,ESCOLA ESTADUAL JOAO CONRADO,,EIRUNEPE,COORDENADORIA REGIONAL EIRUNEPE,Ativa
344,ESCOLA ESTADUAL ARMANDO MENDES,,ENVIRA,COORDENADORIA REGIONAL ENVIRA,Ativa
345,ESCOLA ESTADUAL BENEDITA BARBOSA DE SOUZA,,ENVIRA,COORDENADORIA REGIONAL ENVIRA,Ativa
346,ESCOLA ESTADUAL PRESIDENTE CASTELLO BRANCO,,ENVIRA,COORDENADORIA REGIONAL ENVIRA,Ativa
348,ESCOLA ESTADUAL PROFESSOR CHAGAS MATTOS,,ENVIRA,COORDENADORIA REGIONAL ENVIRA,Ativa
349,ESCOLA ESTADUAL ARMANDO MENDES,,FONTE BOA,COORDENADORIA REGIONAL FONTE BOA,Ativa
350,ESCOLA ESTADUAL N. S. GUADALUPE,,FONTE BOA,COORDENADORIA REGIONAL FONTE BOA,Ativa
351,ESCOLA ESTADUAL SAO JOSE,,FONTE BOA,COORDENADORIA REGIONAL FONTE BOA,Ativa
352,ESCOLA ESTADUAL WALDEMARINA FERREIRA,,FONTE BOA,COORDENADORIA REGIONAL FONTE BOA,Ativa
353,ESCOLA ESTADUAL ZULMIRA LIMA LINS,,FONTE BOA,COORDENADORIA REGIONAL FONTE BOA,Ativa
356,ESCOLA ESTADUAL MARECHAL CASTELLO BRANCO,,ATALAIA DO NORTE,COORDENADORIA REGIONAL ATALAIA DO NORTE,Ativa
357,ESCOLA ESTADUAL TENENTE RUFINO,,ATALAIA DO NORTE,COORDENADORIA REGIONAL ATALAIA DO NORTE,Ativa
358,ESCOLA ESTADUAL TENENTE ANTONIO JOAO,,SAO GABRIEL DA CACHOEIRA,COORDENADORIA REGIONAL SAO GABRIEL DA CACHOEIRA,Ativa
359,ESCOLA ESTADUAL DUQUE DE CAXIAS,,JAPURA,COORDENADORIA REGIONAL JAPURA,Ativa
360,ESCOLA ESTADUAL NOSSA SENHORA DA IMACULADA CONCEICAO,,SAO GABRIEL DACACHOEIRA,COORDENADORIA REGIONAL SAO GABRIEL DA CACHOEIRA,Ativa
361,ESCOLA ESTADUAL INDIGENA DUQUE DE CAXIAS,,SAO GABRIEL DA CACHOEIRA,COORDENADORIA REGIONAL SAO GABRIEL DA CACHOEIRA,Ativa
362,ESCOLA ESTADUAL PRESIDENTE VARGAS,,SANTO ANTONIO DO ICA,COORDENADORIA REGIONAL SANTO ANTONIO DO ICA,Ativa
365,ESCOLA ESTADUAL PROF. GILBERTO MESTRINHO,,APUI,COORDENADORIA REGIONAL APUÍ,Ativa
366,ESCOLA ESTADUAL PROFª MARIA CURTARELLI LIRA,,APUI,COORDENADORIA REGIONAL APUÍ,Ativa
367,ESCOLA ESTADUAL PROFª CANDIDA SOUTO,,HUMAITA,COORDENADORIA REGIONAL HUMAITA,Ativa
368,ESCOLA ESTADUAL ALVARO MAIA,,HUMAITA,COORDENADORIA REGIONAL HUMAITA,Ativa
370,ESCOLA ESTADUAL DUQUE DE CAXIAS,,HUMAITA,COORDENADORIA REGIONAL HUMAITA,Ativa
371,ESCOLA ESTADUAL GILBERTO MESTRINHO,,HUMAITA,COORDENADORIA REGIONAL HUMAITA,Ativa
373,ESCOLA ESTADUAL OSWALDO CRUZ,,HUMAITA,COORDENADORIA REGIONAL HUMAITA,Ativa
374,ESCOLA ESTADUAL PATRONATO MARIA AUXILIADORA,,HUMAITA,COORDENADORIA REGIONAL HUMAITA,Ativa
377,ESCOLA ESTADUAL TANCREDO NEVES,,HUMAITA,COORDENADORIA REGIONAL HUMAITA,Ativa
379,ESCOLA ESTADUAL GOVERNADOR PLINIO RAMOS COELHO,,HUMAITA,COORDENADORIA REGIONAL GUAJARA,Ativa
380,ESCOLA ESTADUAL JOSE CARLOS MARTINS DE MEDEIROS RAPOSO,,GUAJARA,COORDENADORIA REGIONAL IPIXUNA,Ativa
383,ESCOLA ESTADUAL PRES CASTELLO BRANCO,,IPIXUNA,COORDENADORIA REGIONAL IPIXUNA,Ativa
385,ESCOLA ESTADUAL ARMANDO DE SOUZA MENDES,,IPIXUNA,COORDENADORIA REGIONAL ITACOATIARA,Ativa
386,ESCOLA ESTADUAL CORONEL CRUZ,,ITACOATIARA,COORDENADORIA REGIONAL ITACOATIARA,Ativa
387,ESCOLA ESTADUAL DEPUTADO VITAL DE MENDONCA,,ITACOATIARA,COORDENADORIA REGIONAL ITACOATIARA,Ativa
388,ESCOLA ESTADUAL PROFESSOR FERNANDO ELLIS RIBEIRO,,ITACOATIARA,COORDENADORIA REGIONAL ITACOATIARA,Ativa
389,ESCOLA ESTADUAL JOSE CARLOS MARTINS MESTRINHO,,ITACOATIARA,COORDENADORIA REGIONAL ITACOATIARA,Ativa
390,ESCOLA ESTADUAL CAPITAO-GENERAL MENDONCA FURTADO,,ITACOATIARA,COORDENADORIA REGIONAL ITACOATIARA,Ativa
393,ESCOLA ESTADUAL PROFESSORA LUIZA DE VASCONCELOS DIAS,,ITACOATIARA,COORDENADORIA REGIONAL ITACOATIARA,Ativa
394,ESCOLA ESTADUAL SENADOR JOAO BOSCO RAMOS DE LIMA,,ITACOATIARA,COORDENADORIA REGIONAL ITACOATIARA,Ativa
395,ESCOLA ESTADUAL SERGIO MENDONCA DE AQUINO,,ITACOATIARA,COORDENADORIA REGIONAL ITACOATIARA,Ativa
396,ESCOLA ESTADUAL ANILIA NOGUEIRA DA SILVA,,ITACOATIARA,COORDENADORIA REGIONAL ITACOATIARA,Ativa
397,ESCOLA ESTADUAL MARIA IVONE DE ARAUJO LEITE,,ITACOATIARA,COORDENADORIA REGIONAL ITACOATIARA,Ativa
398,ESC EST PROFESSORA MIRTES ROSA MENDES DE MENDONCA LIMA,,ITACOATIARA,COORDENADORIA REGIONAL ITACOATIARA,Ativa
399,ESCOLA ESTADUAL DEP JOAO VALERIO DE OLIVEIRA,,ITACOATIARA,COORDENADORIA REGIONAL ITACOATIARA,Ativa
402,ESCOLA ESTADUAL TANCREDO DE ALMEIDA NEVES,,CANUTAMA,COORDENADORIA REGIONAL CANUTAMA,Ativa
404,ESCOLA ESTADUAL PROFª BALBINA MESTRINHO,,LABREA,COORDENADORIA REGIONAL LABREA,Ativa
405,EDUCANDARIO SANTA RITA,,LABREA,COORDENADORIA REGIONAL LABREA,Ativa
406,ESCOLA ESTADUAL SANTO AGOSTINHO,,LABREA,COORDENADORIA REGIONAL LABREA,Ativa
408,ESCOLA ESTADUAL THOME DE MEDEIROS RAPOSO,,LABREA,COORDENADORIA REGIONAL LABREA,Ativa
409,ESCOLA ESTADUAL CARLOS PINHO,,MANACAPURU,COORDENADORIA REGIONAL MANACAPURU,Ativa
410,ESCOLA ESTADUAL CASTELLO BRANCO,,MANACAPURU,COORDENADORIA REGIONAL MANACAPURU,Ativa
411,ESCOLA ESTADUAL EURICO GASPAR DUTRA,,MANACAPURU,COORDENADORIA REGIONAL MANACAPURU,Ativa
412,ESCOLA ESTADUAL JANUARIO SANTANA,,MANACAPURU,COORDENADORIA REGIONAL MANACAPURU,Ativa
413,ESCOLA ESTADUAL JOAQUIM DE SOUZA COELHO,,MANACAPURU,COORDENADORIA REGIONAL MANACAPURU,Ativa
414,ESCOLA ESTADUAL JOSE KALLIL ASSAF,,MANACAPURU,COORDENADORIA REGIONAL MANACAPURU,Ativa
415,ESCOLA ESTADUAL LEOPOLDO NEVES,,MANACAPURU,COORDENADORIA REGIONAL MANACAPURU,Ativa
416,ESCOLA ESTADUAL MAGNOLIA VENTURA,,MANACAPURU,COORDENADORIA REGIONAL MANACAPURU,Ativa
417,ESCOLA ESTADUAL MARIO SILVA DALMEIDA,,MANACAPURU,COORDENADORIA REGIONAL MANACAPURU,Ativa
418,ESCOLA ESTADUAL NOSSA SENHORA DE NAZARE,,MANACAPURU,COORDENADORIA REGIONAL MANACAPURU,Ativa
419,ESCOLA ESTADUAL REGINA FERNANDES,,MANACAPURU,COORDENADORIA REGIONAL MANACAPURU,Ativa
420,ESCOLA ESTADUAL JOSE MOTA,,MANACAPURU,COORDENADORIA REGIONAL MANACAPURU,Ativa
421,ESCOLA ESTADUAL AGRA REIS,,MANACAPURU,COORDENADORIA REGIONAL MANACAPURU,Ativa
422,ESCOLA ESTADUAL ANDRE VIDAL DE ARAUJO,,MANACAPURU,COORDENADORIA REGIONAL MANACAPURU,Ativa
423,ESCOLA ESTADUAL VIRGILIA ALEXANDRE MADDY,,MANACAPURU,COORDENADORIA REGIONAL MANACAPURU,Ativa
424,ESCOLA ESTADUAL JOSE SEFFAIR,,MANACAPURU,COORDENADORIA REGIONAL MANACAPURU,Ativa
425,ESCOLA ESTADUAL ARISTEU DAS NEVES BICHO,,MANICORE,COORDENADORIA REGIONAL MANICORE,Ativa
426,ESCOLA ESTADUAL CONEGO AUGUSTO CUNHA,,MANICORE,COORDENADORIA REGIONAL MANICORE,Ativa
427,ESCOLA ESTADUAL DIDIMO SOARES,,MANICORE,COORDENADORIA REGIONAL MANICORE,Ativa
428,ESCOLA ESTADUAL Nª Sª DAS GRACAS,,MANICORE,COORDENADORIA REGIONAL MANICORE,Ativa
429,ESCOLA ESTADUAL HERMENEGILDO DE CAMPOS,,MANICORE,COORDENADORIA REGIONAL MANICORE,Ativa
430,ESCOLA ESTADUAL SENADOR JOAO BOSCO RAMOS DE LIMA,,MANICORE,COORDENADORIA REGIONAL MANICORE,Ativa
431,ESCOLA ESTADUAL PEDRO AGUIRRE,,MANICORE,COORDENADORIA REGIONAL MANICORE,Ativa
433,ESCOLA ESTADUAL MARIA SA MOTA,,MANICORE,COORDENADORIA REGIONAL MANICORE,Ativa
434,ESCOLA ESTADUAL JOAO BOSCO RAMOS DE LIMA,,MARAA,COORDENADORIA REGIONAL MARAA,Ativa
435,ESCOLA ESTADUAL BENTA SOLART,,MARAA,COORDENADORIA REGIONAL MARAA,Ativa
437,ESCOLA ESTADUAL ADELAIDE CABRAL,,MAUES,COORDENADORIA REGIONAL MAUES,Ativa
438,ESCOLA ESTADUAL CASTELO BRANCO,,MAUES,COORDENADORIA REGIONAL MAUES,Ativa
439,ESCOLA ESTADUAL CLOVIS NEGREIROS,,MAUES,COORDENADORIA REGIONAL MAUES,Ativa
440,ESCOLA ESTADUAL PROFª MARIA DA GRACA NOGUEIRA,,MAUES,COORDENADORIA REGIONAL MAUES,Ativa
441,ESCOLA ESTADUAL MIRIAM SAKYAMA,,MAUES,COORDENADORIA REGIONAL MAUES,Ativa
442,ESCOLA ESTADUAL PROFESSORA SANTINA FELIZOLA,,MAUES,COORDENADORIA REGIONAL MAUES,Ativa
443,ESCOLA ESTADUAL SAO PEDRO,,MAUES,COORDENADORIA REGIONAL MAUES,Ativa
444,ESCOLA ESTADUAL WALTON RODRIGUES BIZANTINO,,MAUES,COORDENADORIA REGIONAL MAUES,Ativa
449,ESCOLA ESTADUAL ENGO ABILIO NERY,,NOVA OLINDA DO NORTE,COORDENADORIA REGIONAL NOVA OLINDA DO NORTE,Ativa
451,ESCOLA ESTADUAL NOSSA SENHORA DE NAZARE,,NOVA OLINDA DO NORTE,COORDENADORIA REGIONAL NOVA OLINDA DO NORTE,Ativa
452,ESCOLA ESTADUAL PROFª ISABEL BARRONCAS,,NOVA OLINDA DO NORTE,COORDENADORIA REGIONAL NOVA OLINDA DO NORTE,Ativa
453,ESCOLA ESTADUAL PROFA MARIA ARAUJO SALES,,NOVA OLINDA DO NORTE,COORDENADORIA REGIONAL NOVA OLINDA DO NORTE,Ativa
455,ESCOLA ESTADUAL GUILHERME BUZAGLO,,NOVO ARIPUANA,COORDENADORIA REGIONAL NOVO ARIPUANA,Ativa
456,ESCOLA ESTADUAL PROFESSOR JOAQUIM CANAMARY GUALBERTO,,NOVO ARIPUANA,COORDENADORIA REGIONAL NOVO ARIPUANA,Ativa
457,ESCOLA ESTADUAL FRANCISCO DE SA,,NOVO ARIPUANA,COORDENADORIA REGIONAL NOVO ARIPUANA,Ativa
460,ESCOLA ESTADUAL PROFESSOR GILBERTO MESTRINHO,,NHAMUNDA,COORDENADORIA REGIONAL NHAMUNDA,Ativa
461,ESCOLA ESTADUAL SAO SEBASTIAO DO COROCORO,,NHAMUNDA,COORDENADORIA REGIONAL NHAMUNDA,Ativa
464,COLEGIO BATISTA DE PARINTINS,,PARINTINS,COORDENADORIA REGIONAL PARINTINS,Ativa
466,ESCOLA ESTADUAL ARAUJO FILHO,,PARINTINS,COORDENADORIA REGIONAL PARINTINS,Ativa
467,ESCOLA ESTADUAL BRANDAO DE AMORIM,,PARINTINS,COORDENADORIA REGIONAL PARINTINS,Ativa
468,ESCOLA ESTADUAL GENTIL BELEM,,PARINTINS,COORDENADORIA REGIONAL PARINTINS,Ativa
469,ESCOLA ESTADUAL PADRE JORGE FREIZZINNI,,PARINTINS,COORDENADORIA REGIONAL PARINTINS,Ativa
470,ESCOLA ESTADUAL MINISTRO WALDEMAR PEDROSA,,PARINTINS,COORDENADORIA REGIONAL PARINTINS,Ativa
471,COLEGIO NOSSA SENHORA DO CARMO,,PARINTINS,COORDENADORIA REGIONAL PARINTINS,Ativa
472,ESCOLA ESTADUAL PROF ADERSON DE MENEZES,,PARINTINS,COORDENADORIA REGIONAL PARINTINS,Ativa
474,ESCOLA ESTADUAL RYOTA OYAMA,,PARINTINS,COORDENADORIA REGIONAL PARINTINS,Ativa
475,ESCOLA ESTADUAL SAO JOSE OPERARIO,,PARINTINS,COORDENADORIA REGIONAL PARINTINS,Ativa
476,ESCOLA ESTADUAL SENADOR ALVARO MAIA,,PARINTINS,COORDENADORIA REGIONAL PARINTINS,Ativa
477,ESCOLA ESTADUAL SENADOR JOAO BOSCO,,PARINTINS,COORDENADORIA REGIONAL PARINTINS,Ativa
479,ESCOLA ESTADUAL SUZANA DE JESUS AZEDO,,PARINTINS,COORDENADORIA REGIONAL PARINTINS,Ativa
491,ESCOLA ESTADUAL GENY BENTES DE JESUS,,PARINTINS,COORDENADORIA REGIONAL PARINTINS,Ativa
492,ESCOLA ESTADUAL IRMA SA,,PARINTINS,COORDENADORIA REGIONAL PARINTINS,Ativa
494,ESCOLA ESTADUAL SAO CRISTOVAO,,AMATURA,COORDENADORIA REGIONAL AMATURA,Ativa
495,ESCOLA ESTADUAL SANTO ANTONIO,,SANTO ANTONIO DO ICA,COORDENADORIA REGIONAL SANTO ANTONIO DO ICA,Ativa
496,ESCOLA ESTADUAL DEUZALINA PINTO RIBEIRO,,SANTO ANTONIO DO ICA,COORDENADORIA REGIONAL SANTO ANTONIO DO ICA,Ativa
497,ESCOLA ESTADUAL DOM PEDRO I,,SANTO ANTONIO DO ICA,COORDENADORIA REGIONAL SANTO ANTONIO DO ICA,Ativa
498,ESCOLA ESTADUAL EDUARDO RIBEIRO,,SANTO ANTONIO DO ICA,COORDENADORIA REGIONAL SANTO ANTONIO DO ICA,Ativa
499,ESCOLA ESTADUAL SAO FRANCISCO,,TONANTINS,COORDENADORIA REGIONAL TONANTINS,Ativa
500,ESCOLA ESTADUAL SAO MIGUEL,,SAO GABRIEL DA CACHOEIRA,COORDENADORIA REGIONAL SAO GABRIEL DA CACHOEIRA,Ativa
501,ESCOLA ESTADUAL DOM MASSA,,SAO GABRIEL DA CACHOEIRA,COORDENADORIA REGIONAL SAO GABRIEL DA CACHOEIRA,Ativa
502,ESCOLA ESTADUAL SAGRADO CORACAO,,SAO GABRIEL DA CACHOEIRA,COORDENADORIA REGIONAL SAO GABRIEL DA CACHOEIRA,Ativa
503,ESCOLA ESTADUAL DOM BOSCO,,SAO GABRIEL DA CACHOEIRA,COORDENADORIA REGIONAL SAO GABRIEL DA CACHOEIRA,Ativa
504,ESCOLA ESTADUAL DOM JOAO MARCHESI,,SAO GABRIEL DA CACHOEIRA,COORDENADORIA REGIONAL SAO GABRIEL DA CACHOEIRA,Ativa
505,ESCOLA ESTADUAL IMACULADA CONCEICAO,,SAO GABRIEL DA CACHOEIRA,COORDENADORIA REGIONAL SAO GABRIEL DA CACHOEIRA,Ativa
506,ESCOLA ESTADUAL Nª Sª DA ASSUNCAO,,SAO GABRIEL DA CACHOEIRA,COORDENADORIA REGIONAL SAO GABRIEL DA CACHOEIRA,Ativa
507,ESCOLA ESTADUAL SAO GABRIEL,,SAO GABRIEL DA CACHOEIRA,COORDENADORIA REGIONAL SAO GABRIEL DA CACHOEIRA,Ativa
509,ESCOLA ESTADUAL MONSENHOR EVANGELISTA CEFALONIA,,SAO PAULO DE OLIVENCA,COORDENADORIA REGIONAL SAO PAULO DE OLIVENCA,Ativa
511,ESCOLA ESTADUAL DESEMBARGADOR JOAO REBELO CORREA,,SAO PAULO DE OLIVENCA,COORDENADORIA REGIONAL SAO PAULO DE OLIVENCA,Ativa
512,ESCOLA ESTADUAL PROFESSORA NILCE ROCHA COELHO,,SAO PAULO DE OLIVENCA,COORDENADORIA REGIONAL SAO PAULO DE OLIVENCA,Ativa
513,ESCOLA ESTADUAL LAURO DE ALMEIDA CASTELO BRANCO,,SAO PAULO DE OLIVENCA,COORDENADORIA REGIONAL SAO PAULO DE OLIVENCA,Ativa
514,CENTRO EDUCACIONAL DOMENICO MARZI,,SAO PAULO DE OLIVENCA,COORDENADORIA REGIONAL SAO PAULO DE OLIVENCA,Ativa
515,ESCOLA ESTADUAL MARECHAL RONDON,,TABATINGA,COORDENADORIA REGIONAL TABATINGA,Ativa
516,ESCOLA ESTADUAL ALMIRANTE TAMANDARE,,TABATINGA,COORDENADORIA REGIONAL TABATINGA,Ativa
517,ESCOLA ESTADUAL CONCEICAO XAVIER DE ALENCAR,,TABATINGA,COORDENADORIA REGIONAL TABATINGA,Ativa
518,ESCOLA ESTADUAL PEDRO TEIXEIRA,,TABATINGA,COORDENADORIA REGIONAL TABATINGA,Ativa
519,ESCOLA ESTADUAL ANTONIO FERREIRA DE OLIVEIRA,,TAPAUA,COORDENADORIA REGIONAL TAPAUA,Ativa
520,ESCOLA ESTADUAL MARCELINO CHAMPAGNAT,,TAPAUA,COORDENADORIA REGIONAL TAPAUA,Ativa
521,ESCOLA ESTADUAL MARIZITA,,TAPAUA,COORDENADORIA REGIONAL TAPAUA,Ativa
522,ESCOLA ESTADUAL PROF GILBERTO MESTRINHO,,ALVARAES,COORDENADORIA REGIONAL ALVARAES,Ativa
523,ESCOLA ESTADUAL PROF JOHANNES PETRUS,,ALVARAES,COORDENADORIA REGIONAL ALVARAES,Ativa
524,ESCOLA ESTADUAL SENADOR FABIO LUCENA,,ALVARAES,COORDENADORIA REGIONAL ALVARAES,Ativa
525,ESCOLA ESTADUAL ALCYJARA DE QUEIROZ,,TEFE,COORDENADORIA REGIONAL TEFÉ,Ativa
526,ESCOLA ESTADUAL AMELIA LIMA,,TEFE,COORDENADORIA REGIONAL TEFÉ,Ativa
527,ESCOLA ESTADUAL ANTIDIO BORGES FACANHA,,TEFE,COORDENADORIA REGIONAL TEFÉ,Ativa
528,ESCOLA ESTADUAL CORINTHO BORGES FACANHA,,TEFE,COORDENADORIA REGIONAL TEFÉ,Ativa
529,ESCOLA ESTADUAL EDUARDO RIBEIRO,,TEFE,COORDENADORIA REGIONAL TEFÉ,Ativa
530,ESCOLA ESTADUAL EDUARDO SA,,TEFE,COORDENADORIA REGIONAL TEFÉ,Ativa
531,ESCOLA ESTADUAL FREI ANDRE DA COSTA,,TEFE,COORDENADORIA REGIONAL TEFÉ,Ativa
532,ESCOLA ESTADUAL ISIDORO GONCALVES DE SOUZA,,TEFE,COORDENADORIA REGIONAL TEFÉ,Ativa
533,ESCOLA ESTADUAL MADRE MARIA DAS MERCES,,TEFE,COORDENADORIA REGIONAL TEFÉ,Ativa
534,ESCOLA ESTADUAL NOSSA SENHORA DAS GRACAS,,TEFE,COORDENADORIA REGIONAL TEFÉ,Ativa
535,CENTRO EDUCACIONAL GOVERNADOR GILBERTO MESTRINHO,,TEFE,COORDENADORIA REGIONAL TEFÉ,Ativa
536,ESCOLA ESTADUAL SAO JOSE,,TEFE,COORDENADORIA REGIONAL TEFÉ,Ativa
538,ESCOLA ESTADUAL SANTA THEREZA,,TEFE,COORDENADORIA REGIONAL TEFÉ,Ativa
539,ESCOLA ESTADUAL DEP. ARMANDO DE SOUZA MENDES,,TEFE,COORDENADORIA REGIONAL TEFÉ,Ativa
540,ESCOLA ESTADUAL GETULIO VARGAS,,TEFE,COORDENADORIA REGIONAL TEFÉ,Ativa
541,ESCOLA ESTADUAL HERMANO STRADELLI,,UARINI,COORDENADORIA REGIONAL UARINI,Ativa
542,ESCOLA ESTADUAL EDSON MELO,,UARINI,COORDENADORIA REGIONAL UARINI,Ativa
544,CENTRO EDUCACIONAL 27 DE JULHO,,SAO SEBASTIAO DO UATUMA,COORDENADORIA REGIONAL SAO SEBASTIAO DO UATUMA,Ativa
545,ESCOLA ESTADUAL SAO SEBASTIAO,,SAO SEBASTIAO DO UATUMA,COORDENADORIA REGIONAL SAO SEBASTIAO DO UATUMA,Ativa
549,ESCOLA ESTADUAL PROFESSOR LAZARO RAMOS,,URUCARA,COORDENADORIA REGIONAL URUCARA,Ativa
552,ESCOLA ESTADUAL BALBINA MESTRINHO,,URUCARA,COORDENADORIA REGIONAL URUCARA,Ativa
554,ESCOLA ESTADUAL ESPERANCA,,URUCURITUBA,COORDENADORIA REGIONAL URUCURITUBA,Ativa
555,ESCOLA ESTADUAL LICINIO JOSE DE ARAUJO,,URUCURITUBA,COORDENADORIA REGIONAL URUCURITUBA,Ativa
556,ESCOLA ESTADUAL MARIA ARRUDA,,URUCURITUBA,COORDENADORIA REGIONAL URUCURITUBA,Ativa
558,ESCOLA ESTADUAL PROFESSOR ARMANDO KETTLE,,URUCURITUBA,COORDENADORIA REGIONAL URUCURITUBA,Ativa
560,ESCOLA ESTADUAL NOSSA SENHORA DAS DORES,,EIRUNEPE,COORDENADORIA REGIONAL EIRUNEPE,Ativa
561,ESCOLA ESTADUAL DUQUE DE CAXIAS,,TABATINGA,COORDENADORIA REGIONAL TABATINGA,Ativa
562,ESCOLA ESTADUAL NOSSA SENHORA DAS GRACAS,,CODAJAS,COORDENADORIA REGIONAL CODAJAS,Ativa
1070,ESCOLA ESTADUAL TOMASZINHO MEIRELLES,,PARINTINS,COORDENADORIA REGIONAL PARINTINS,Ativa
1071,ESCOLA MAX AUCAR SEFFAIR-PESTALOZZI,,MAUES,COORDENADORIA REGIONAL MAUES,Ativa
1078,ESCOLA ESTADUAL PROF RAIMUNDO BENEDITO COSTA,,BOA VISTA DO RAMOS,COORDENADORIA REGIONAL BOA VISTA DO RAMOS,Ativa
1274,ESCOLA ESTADUAL PEDRO SANTAREM PENALBER,,AUTAZES,COORDENADORIA REGIONAL AUTAZES,Ativa
1275,ESCOLA ESTADUAL JULIO CESAR DA COSTA,,BARREIRINHA,COORDENADORIA REGIONAL BARREIRINHA,Ativa
1278,ESCOLA ESTADUAL ROSA GARCIA,,SANTO ANTONIO DO ICA,COORDENADORIA REGIONAL SANTO ANTONIO DO ICA,Ativa
1281,ESCOLA ESTADUAL PROF RAIMUNDO DA SILVA MELO,,NHAMUNDA,COORDENADORIA REGIONAL NHAMUNDA,Ativa
1285,ESCOLA ESTADUAL JULIETA LOPES DE ALBUQUERQUE,,NOVO ARIPUANA,COORDENADORIA REGIONAL NOVO ARIPUANA,Ativa
1286,ESCOLA ESTADUAL RAIMUNDO PAZ,,RIO PRETO DA EVA,COORDENADORIA REGIONAL RIO PRETO DA EVA,Ativa
1307,ESCOLA ESTADUAL DARCY AUGUSTO MICHILES,,BOA VISTA DO RAMOS,COORDENADORIA REGIONAL BOA VISTA DO RAMOS,Ativa
1310,ESCOLA ESTADUAL IRMA INES PENHA,,SAO GABRIEL DA CACHOEIRA,COORDENADORIA REGIONAL SAO GABRIEL DA CACHOEIRA,Ativa
1362,ESCOLA ESTADUAL JACY DUTRA,,BARREIRINHA,COORDENADORIA REGIONAL BARREIRINHA,Ativa
1465,ESCOLA ESTADUAL DOM GINO MALVESTIO,,PARINTINS,COORDENADORIA REGIONAL PARINTINS,Ativa
1469,ESCOLA ESTADUAL CONRADO PINTO GOMES,,EIRUNEPE,COORDENADORIA REGIONAL EIRUNEPE,Ativa
1486,ESCOLA ESTADUAL DEPUTADO ARMANDO MENDES,,SAO SEBASTIAO DO UATUMA,COORDENADORIA REGIONAL SAO SEBASTIAO DO UATUMA,Ativa
1493,ESCOLA ESTADUAL BALBINA MESTRINHO,,NOVO AIRAO,COORDENADORIA REGIONAL NOVO AIRAO,Ativa
1494,ESCOLA ESTADUAL CECILIA CARNEIRO DE OLIVEIRA,,IRANDUBA,COORDENADORIA REGIONAL IRANDUBA,Ativa
1497,ESCOLA ESTADUAL CRUZEIRO DO CEU,,PAUINI,COORDENADORIA REGIONAL PAUINI,Ativa
1556,ESCOLA ESTADUAL RIO PRETO DA EVA,,RIO PRETO DA EVA,COORDENADORIA REGIONAL RIO PRETO DA EVA,Ativa
1563,ESCOLA ESTADUAL PROFESSOR ROMERITO DA SILVA BRITO,,JURUA,COORDENADORIA REGIONAL JURUA,Ativa
1565,ESCOLA ESTADUAL AMATURA,,AMATURA,COORDENADORIA REGIONAL AMATURA,Ativa
1567,ESC EST PROFESSOR VICENTE GERALDO DE MENDONCA LIMA,,ITACOATIARA,COORDENADORIA REGIONAL ITACOATIARA,Ativa
1568,ESCOLA ESTADUAL CARAUARI,,CARAUARI,COORDENADORIA REGIONAL CARAUARI,Ativa
1570,ESCOLA ESTADUAL IPIXUNA,,IPIXUNA,COORDENADORIA REGIONAL IPIXUNA,Ativa
6337,ESCOLA ESTADUAL DANILO DE MATTOS AREOSA,,NOVO AIRAO,COORDENADORIA REGIONAL NOVO AIRAO,Ativa
6338,ESCOLA ESTADUAL PROFª GERCILIA BARBOSA SAMPAIO,,BOA VISTA DO RAMOS,COORDENADORIA REGIONAL BOA VISTA DO RAMOS,Ativa
6341,ESCOLA ESTADUAL MADRE REGINA PROTMANN,,TONANTINS,COORDENADORIA REGIONAL TONANTINS,Ativa
6490,ESC EST INDIGENA CACIQUE MANUEL FLORENTINO MECURACU,,BENJAMIN CONSTANT,COORDENADORIA REGIONAL BENJAMIN CONSTANT,Ativa
6506,ESCOLA ESTADUAL DOROTHEA DE SOUZA BRAGA,,JAPURA,COORDENADORIA REGIONAL JAPURA,Ativa
6543,ESCOLA ESTADUAL PROFESSOR JOSE PAULA DE SA,,NOVA OLINDA DO NORTE,COORDENADORIA REGIONAL NOVA OLINDA DO NORTE,Ativa
6671,ESCOLA ESTADUAL JAMIL SEFFAIR,,MANACAPURU,COORDENADORIA REGIONAL MANACAPURU,Ativa
6689,ESCOLA ESTADUAL DE CABURI,,PARINTINS,COORDENADORIA REGIONAL PARINTINS,Ativa
6701,ESCOLA ESTADUAL PROFESSORA MARLY DE CARVALHO LOBATO NERY,,HUMAITA,COORDENADORIA REGIONAL HUMAITA,Ativa
6834,ESCOLA ESTADUAL NOVO CEU,,AUTAZES,COORDENADORIA REGIONAL AUTAZES,Ativa
6870,ESCOLA ESTADUAL PRESIDENTE FIGUEIREDO,,PRESIDENTE FIGUEIREDO,COORDENADORIA REGIONAL PRESIDENTE FIGUEIREDO,Ativa
7073,ESCOLA ESTADUAL NOSSA SENHORA DO ROSARIO,,MANACAPURU,COORDENADORIA REGIONAL MANACAPURU,Ativa
7079,ESCOLA ESTADUAL SANTO ANTONIO DO MATUPY,,MANICORE,COORDENADORIA REGIONAL MANICORE,Ativa
7300,ESCOLA ESTADUAL PROFESSOR GILBERTO MESTRINHO,,MANACAPURU,COORDENADORIA REGIONAL MANACAPURU,Ativa
7351,ESCOLA ESTADUAL CAETANO MENDONCA,,PARINTINS,COORDENADORIA REGIONAL PARINTINS,Ativa
7392,ESCOLA ESTADUAL PROFESSOR RONALDO MARQUES DA SILVA,,ITACOATIARA,COORDENADORIA REGIONAL ITACOATIARA,Ativa
7426,ESCOLA ESTADUAL SATURNINO MARAES NETO,,CARAUARI,COORDENADORIA REGIONAL CARAUARI,Ativa
7428,ESCOLA ESTADUAL PROFESSOR JOSE ELNO FERREIRA DE SOUZA,,GUAJARA,COORDENADORIA REGIONAL GUAJARA,Ativa
7438,ESCOLA ESTADUAL PROFESSORA ENERY BARBOSA DOS SANTOS,,NHAMUNDA,COORDENADORIA REGIONAL NHAMUNDA,Ativa
7472,ESC EST INDIGENA PROFESSOR GILDO SAMPAIO MEGATANUCU,,BENJAMIN CONSTANT,COORDENADORIA REGIONAL BENJAMIN CONSTANT,Ativa
7507,ESCOLA ESTADUAL FERNANDO RAMOS DE MIRANDA,,SAO SEBASTIAO DO UATUMA,COORDENADORIA REGIONAL SAO SEBASTIAO DO UATUMA,Ativa
7510,ESCOLA ESTADUAL J.W. MARRIOT JR,,NOVO ARIPUANA,COORDENADORIA REGIONAL NOVO ARIPUANA,Ativa
7521,ESCOLA ESTADUAL BELEM DO SOLIMOES,,TABATINGA,COORDENADORIA REGIONAL TABATINGA,Ativa
7522,ESCOLA ESTADUAL YAMAMAY,,ITAPIRANGA,COORDENADORIA REGIONAL ITAPIRANGA,Ativa
7692,ESC EST INDIGENA PROFESSOR LUIZ GONZAGA DE SOUZA FILHO,,CODAJAS,COORDENADORIA REGIONAL CODAJAS,Ativa
7693,ESCOLA ESTADUAL POVO INDIGENA HEXKARYANA,,NHAMUNDA,COORDENADORIA REGIONAL NHAMUNDA,Ativa
7694,ESCOLA ESTADUAL PROFESSOR RAIMUNDO DA SILVA CARVALHO,,TABATINGA,COORDENADORIA REGIONAL TABATINGA,Ativa
7712,ESCOLA ESTADUAL THOMAS EUGENE LOVEJOY,,IRANDUBA,COORDENADORIA REGIONAL IRANDUBA,Ativa
7713,EE PROFESSOR ANTONIO JOSE BERNARDO VASCONCELOS,,BOCA DO ACRE,COORDENADORIA REGIONAL BOCA DO ACRE,Ativa
7741,ESCOLA ESTADUAL DE BALBINA,,PRESIDENTE FIGUEIREDO,COORDENADORIA REGIONAL PRESIDENTE FIGUEIREDO,Ativa
7742,ESC EST PROFESSORA CINTHIA REGIA GOMES DO LIVRAMENTO,,UARINI,COORDENADORIA REGIONAL UARINI,Ativa
7762,ESCOLA ESTADUAL PROFª NAZIRA LITAIFF MORIZ,,TEFE,COORDENADORIA REGIONAL TEFÉ,Ativa
7781,ESCOLA ESTADUAL PROFESSORA BEREZITH NASCIMENTO DA SILVA,,ITACOATIARA,COORDENADORIA REGIONAL ITACOATIARA,Ativa
7782,ESCOLA ESTADUAL SAGRADA FAMILIA,,SAO GABRIEL DA CACHOEIRA,COORDENADORIA REGIONAL SAO GABRIEL DA CACHOEIRA,Ativa
7804,ESCOLA ESTADUAL DE TEMPO INTEGRAL GLAUCIO GONCALVES,,PARINTINS,COORDENADORIA REGIONAL PARINTINS,Ativa
8035,ESCOLA ESTADUAL FREI ISIDORO IRIGOYEN UNANUA,,CANUTAMA,COORDENADORIA REGIONAL CANUTAMA,Ativa
8036,ESCOLA ESTADUAL INDIGENA POGUTA,,SAO PAULO DE OLIVENCA,COORDENADORIA REGIONAL SAO PAULO DE OLIVENCA,Ativa
8112,ESC EST INDIGENA GENESIO CUSTODIO MANUEL,,SAO PAULO DE OLIVENCA,COORDENADORIA REGIONAL SAO PAULO DE OLIVENCA,Ativa
8121,ESC EST INDIGENA ESTER CALDEIRA CARDOSO,,BORBA,COORDENADORIA REGIONAL BORBA,Ativa
8418,ESCOLA ESTADUAL AMATURA NOVA ITALIA,,AMATURA,COORDENADORIA REGIONAL AMATURA,Ativa
8432,ESC EST JOSE MELO SEDE COLONIA,,CODAJAS,COORDENADORIA REGIONAL CODAJAS,Ativa
8451,EE AMATURA ANEXO NOVA ITALIA,,AMATURA,COORDENADORIA REGIONAL AMATURA,Ativa
8452,ESC EST JOSE MELO ANEXO COLONIA,,CODAJAS,COORDENADORIA REGIONAL CODAJAS,Ativa
8458,ESCOLA ESTADUAL PREFEITO DONGA MICHILES,,MAUES,COORDENADORIA REGIONAL MAUES,Ativa
8566,ESCOLA ESTADUAL JOAO PAULO II,,MAUES,COORDENADORIA REGIONAL MAUES,Ativa
8577,EETI MARIA IZABEL FERREIRA XAVIER DESTERRO E SILVA,,IRANDUBA,COORDENADORIA REGIONAL IRANDUBA,Ativa
8638,ESC EST INDIGENA LARANJAL,,BORBA,COORDENADORIA REGIONAL BORBA,Ativa
8639,ESCOLA ESTADUAL LOURIVAL HOLANDA SARAIVA NETO,,NOVO ARIPUANA,COORDENADORIA REGIONAL NOVO ARIPUANA,Ativa
8640,ESCOLA ESTADUAL INDIGENA PROFESSORA ELECIA CAMPOS MANDUCA,,TABATINGA,COORDENADORIA REGIONAL TABATINGA,Ativa
8641,ESC EST INDIGENA AGOSTINHO DE GOES,,BORBA,COORDENADORIA REGIONAL BORBA,Ativa
8713,ESCOLA ESTADUAL ELIAS NOVOA ALVAREZ,,IRANDUBA,COORDENADORIA REGIONAL IRANDUBA,Ativa
8714,ESCOLA ESTADUAL PROFESSORA ALTINA GOMES DE OLIVEIRA,,JURUA,COORDENADORIA REGIONAL JURUA,Ativa
8716,ESCOLA ESTADUAL AGOSTINHO BISCHOFF,,IPIXUNA,COORDENADORIA REGIONAL IPIXUNA,Ativa
8906,CENTRO DE ENSINO MEDIADO POR TECNOLOGIA DE PARINTINS,,PARINTINS,COORDENADORIA REGIONAL PARINTINS,Ativa
8962,ESCOLA ESTADUAL ALDENORA AMORIM,,CANUTAMA,COORDENADORIA REGIONAL CANUTAMA,Ativa
8964,ANEXO DA EE RAYMUNDO SA,,AUTAZES,COORDENADORIA REGIONAL AUTAZES,Ativa
8970,EETI PROFESSOR PEDRO ALVES DA SILVA,,CARAUARI,COORDENADORIA REGIONAL CARAUARI,Ativa
8971,ESCOLA ESTADUAL INDIGENA YEPAMAHSA IMIKOHORIMAHSA,,SAO GABRIEL DA CACHOEIRA,COORDENADORIA REGIONAL SAO GABRIEL DA CACHOEIRA,Ativa
8972,ESC EST INDIGENA PAMURI MAHSA WI I,,SAO GABRIEL DA CACHOEIRA,COORDENADORIA REGIONAL SAO GABRIEL DA CACHOEIRA,Ativa
8975,ESC EST INDIGENA PROFESSORA DARIA GABRIEL QUIRINO ICURANA,,BENJAMIN CONSTANT,COORDENADORIA REGIONAL BENJAMIN CONSTANT,Ativa
8976,ESC EST INDIGENA KWATIJARIGA,,HUMAITA,COORDENADORIA REGIONAL HUMAITA,Ativa
8977,ESCOLA ESTADUAL INDIGENA JOAQUIM ROMAO,,JUTAI,COORDENADORIA REGIONAL JUTAI,Ativa
8979,ESC EST INDIGENA TUPAJAKUI,,HUMAITA,COORDENADORIA REGIONAL HUMAITA,Ativa
8980,ESCOLA ESTADUAL INDIGENA GOMERCINDO CAETANO DE OLIVEIRA,,MANICORE,COORDENADORIA REGIONAL MANICORE,Ativa
8981,ESCOLA ESTADUAL INDIGENA RAIMUNDO SOARES,,MANICORE,COORDENADORIA REGIONAL MANICORE,Ativa
9074,CENTRO DE EDUCACAO INDIGENA SAO DE PAULO DE OLIVENCA,,SAO PAULO DE OLIVENCA,COORDENADORIA REGIONAL SAO PAULO DE OLIVENCA,Ativa
9112,ESCOLA ESTADUAL JUSTINA PIRES NOGUEIRA,,CAAPIRANGA,COORDENADORIA REGIONAL CAAPIRANGA,Ativa
9139,ESC EST INDIGENA MANUEL JOAQUIM SALDANHA FILHO TCHAIAREECU,,AMATURA,COORDENADORIA REGIONAL AMATURA,Ativa
9140,EETI PREFEITO WASHINGTON LUIS REGIS DA SILVA,,MANACAPURU,COORDENADORIA REGIONAL MANACAPURU,Ativa
9151,EETI PEDRO FUKUYEI YAMAGUCHI FERREIRA,,SAO GABRIEL DA CACHOEIRA,COORDENADORIA REGIONAL SAO GABRIEL DA CACHOEIRA,Ativa
9158,ESCOLA ESTADUAL INDIGENA SAO JOSE,,MANICORE,COORDENADORIA REGIONAL MANICORE,Ativa
9299,EETI JOSE HOLANDA CAVALCANTE,,BORBA,COORDENADORIA REGIONAL BORBA,Ativa
9300,ESCOLA EST CETI PROFESSOR MANUEL VICENTE FERREIRA LIMA,,COARI,COORDENADORIA REGIONAL COARI,Ativa
9301,EETI MARIA EVA DOS SANTOS,,PRESIDENTE FIGUEIREDO,COORDENADORIA REGIONAL PRESIDENTE FIGUEIREDO,Ativa
9340,ESCOLA ESTADUAL PREFEITO CICERO LOPES DA SILVA,,MARAA,COORDENADORIA REGIONAL MARAA,Ativa
9370,EETI HISTORIADOR ARINDAL VINICIUS DA FONSECA REIS,,MANICORE,COORDENADORIA REGIONAL MANICORE,Ativa
9404,EE CETI DOM JORGE EDWARD MARSKELL,,ITACOATIARA,COORDENADORIA REGIONAL ITACOATIARA,Ativa
9529,CENTRO EDUCACIONAL DE TEMPO INTEGRAL PEDRO FALABELLA,,URUCARA,COORDENADORIA REGIONAL URUCARA,Ativa
9570,CENTRO EDUC DE TEMPO INT TARCILA PRADO DE NEGREIROS MENDES,,HUMAITA,COORDENADORIA REGIONAL HUMAITA,Ativa
9646,CETI PROFESSOR ARISTELIO SABINO DE OLIVEIRA,,BENJAMIN CONSTANT,COORDENADORIA REGIONAL BENJAMIN CONSTANT,Ativa
9647,CETI AGOSTINHO ERNESTO DE ALMEIDA,,LABREA,COORDENADORIA REGIONAL LABREA,Ativa
9652,CETI PROFESSORA ROSARIA MARINHO PAES,,NOVA OLINDA DO NORTE,COORDENADORIA REGIONAL NOVA OLINDA DO NORTE,Ativa
9693,CETI PROFESSORA MARIA ADELAIDE MARINHO HORTENCIA,,CAREIRO,COORDENADORIA REGIONAL CAREIRO,Ativa
9769,CENTRO DE EDUCACAO DE TEMPO INTEGRAL CALIXTO RIBEIRO,,SAO PAULO DE OLIVENCA,COORDENADORIA REGIONAL SAO PAULO DE OLIVENCA,Ativa
9793,CETI FRANCISCO HELIO BEZERRA BESSA,,TEFE,COORDENADORIA REGIONAL TEFÉ,Ativa
9850,CETI JOSE DE ARAUJO RODRIGUES,,CODAJAS,COORDENADORIA REGIONAL CODAJAS,Ativa
9865,CETI PROFESSORA NEUZA ALVES BARROSO,,EIRUNEPE,COORDENADORIA REGIONAL EIRUNEPE,Ativa
9866,CETI JOAO CARLOS PEREIRA DOS SANTOS,,TABATINGA,COORDENADORIA REGIONAL TABATINGA,Ativa
9884,CETI ELIAS MENDES DA SILVA,,BOCA DO ACRE,COORDENADORIA REGIONAL BOCA DO ACRE,Ativa
9934,ANEXO-ESCOLA ESTADUAL ELIAS NOVOA,,IRANDUBA,COORDENADORIA REGIONAL IRANDUBA,Ativa
9935,ANEXO ESCOLA ESTADUAL ELIAS NOVOA,,IRANDUBA,COORDENADORIA REGIONAL IRANDUBA,Ativa
9937,CETI PROFESSORA NAIDE LINS DE ALBUQUERQUE,,FONTE BOA,COORDENADORIA REGIONAL FONTE BOA,Ativa
